Start,Finish,Active Calories (kcal),Distance (mi),Flights Climbed (count),Steps (count)
11/28/18 0:00,11/29/18 0:00,57.78656826,0.929998972,0,1884.621281
11/29/18 0:00,11/30/18 0:00,509.1524317,4.640739086,18,8952.978943
11/30/18 0:00,12/1/18 0:00,598.692,6.053471511,12,11665
12/1/18 0:00,12/2/18 0:00,660.8560478,6.796771258,6,12117
12/2/18 0:00,12/3/18 0:00,526.9169522,4.611580808,1,8924.766717
12/3/18 0:00,12/4/18 0:00,549.555,3.961053787,2,7205
12/4/18 0:00,12/5/18 0:00,669.604,6.597521653,5,12483.39723
12/5/18 0:00,12/6/18 0:00,557.1042267,4.909418579,6,9257.9357
12/6/18 0:00,12/7/18 0:00,997.1375975,7.504792709,13,14208
12/7/18 0:00,12/8/18 0:00,532.6291758,4.274131206,8,8269.46084
12/8/18 0:00,12/9/18 0:00,775.4614921,6.457724209,0,8834.269279
12/9/18 0:00,12/10/18 0:00,340.8510088,2.806838623,0,5265
12/10/18 0:00,12/11/18 0:00,982.4457769,8.808678727,8,13170
12/11/18 0:00,12/12/18 0:00,499.820923,4.026818045,8,7567
12/12/18 0:00,12/13/18 0:00,555.9943778,4.977676188,3,9247
12/13/18 0:00,12/14/18 0:00,392.8344214,3.47045462,0,6331
12/14/18 0:00,12/15/18 0:00,448.0897156,2.885332833,5,5388.893036
12/15/18 0:00,12/16/18 0:00,1090.938542,11.20563375,27,21223.71518
12/16/18 0:00,12/17/18 0:00,1029.00611,8.843438546,79,16376
12/17/18 0:00,12/18/18 0:00,363.7849384,2.498693087,7,4820
12/18/18 0:00,12/19/18 0:00,324.7936941,1.907144426,8,3662
12/19/18 0:00,12/20/18 0:00,796.274,6.83834099,4,9592
12/20/18 0:00,12/21/18 0:00,318.853,1.589470242,7,3023
12/21/18 0:00,12/22/18 0:00,407.5001665,3.128806578,5,5381
12/22/18 0:00,12/23/18 0:00,435.1952819,2.232078713,8,4203.768465
12/23/18 0:00,12/24/18 0:00,353.4515516,2.40012023,8,4286
12/24/18 0:00,12/25/18 0:00,382.4865037,2.333732688,2,4182
12/25/18 0:00,12/26/18 0:00,447.7854963,3.170580387,13,6054
12/26/18 0:00,12/27/18 0:00,311.253609,1.7301747,5,3175
12/27/18 0:00,12/28/18 0:00,517.329391,5.117346955,10,9585.115923
12/28/18 0:00,12/29/18 0:00,258.542,1.00183717,9,1866
12/29/18 0:00,12/30/18 0:00,537.8130016,3.48722705,6,6570.423599
12/30/18 0:00,12/31/18 0:00,316.5359984,1.213602815,4,2284.960354
12/31/18 0:00,1/1/19 0:00,716.655255,6.26427953,7,11588.27157
1/1/19 0:00,1/2/19 0:00,236.447745,0.802238724,4,1552.72843
1/2/19 0:00,1/3/19 0:00,356.548,3.067922819,6,5984
1/3/19 0:00,1/4/19 0:00,429.3385569,4.010534823,11,7658
1/4/19 0:00,1/5/19 0:00,1065.548443,9.678730857,0,14442
1/5/19 0:00,1/6/19 0:00,441.870475,3.529448601,5,6127
1/6/19 0:00,1/7/19 0:00,1021.671525,9.048971112,1,13054.57504
1/7/19 0:00,1/8/19 0:00,556.9627248,5.222291203,10,9181.422543
1/8/19 0:00,1/9/19 0:00,711.7829278,5.899919749,12,10194.57746
1/9/19 0:00,1/10/19 0:00,959.9137114,7.64508922,11,12984
1/10/19 0:00,1/11/19 0:00,654.696297,5.929639504,10,10278
1/11/19 0:00,1/12/19 0:00,897.7463391,6.548119634,7,11284
1/12/19 0:00,1/13/19 0:00,290.224,1.300807969,0,2366
1/13/19 0:00,1/14/19 0:00,779.7412712,7.36385592,3,10024.1262
1/14/19 0:00,1/15/19 0:00,1075.80745,10.2270205,12,14775
1/15/19 0:00,1/16/19 0:00,518.6533144,4.633915441,10,8038
1/16/19 0:00,1/17/19 0:00,502.9789645,4.327518274,14,7492.364837
1/17/19 0:00,1/18/19 0:00,624.9802803,5.863705299,8,10178
1/18/19 0:00,1/19/19 0:00,648.7767197,6.14097611,0,10424
1/19/19 0:00,1/20/19 0:00,479.168523,3.261180137,6,5704.254223
1/20/19 0:00,1/21/19 0:00,440.824477,3.864047742,7,6736
1/21/19 0:00,1/22/19 0:00,344.9486789,2.298807846,0,4163
1/22/19 0:00,1/23/19 0:00,708.9418283,7.107041295,19,12250
1/23/19 0:00,1/24/19 0:00,975.9882322,9.027632346,16,13011
1/24/19 0:00,1/25/19 0:00,568.4835565,5.233166712,8,8907
1/25/19 0:00,1/26/19 0:00,674.5715442,6.845019474,10,11562
1/26/19 0:00,1/27/19 0:00,517.5585671,5.066131123,1,8679.599622
1/27/19 0:00,1/28/19 0:00,738.0165928,7.643459222,11,12989
1/28/19 0:00,1/29/19 0:00,550.721,4.62870027,11,7743
1/29/19 0:00,1/30/19 0:00,613.4008,5.692892244,8,9829
1/30/19 0:00,1/31/19 0:00,939.0022,8.80066519,9,12532
1/31/19 0:00,2/1/19 0:00,543.91,4.978398533,14,8652
2/1/19 0:00,2/2/19 0:00,1053.777621,9.999569057,10,14853.89751
2/2/19 0:00,2/3/19 0:00,519.9175165,5.007139151,0,8308.449266
2/3/19 0:00,2/4/19 0:00,540.7057546,5.030318052,1,8694
2/4/19 0:00,2/5/19 0:00,1034.887641,9.728219023,6,14302
2/5/19 0:00,2/6/19 0:00,443.5844667,3.788645942,13,6643
2/6/19 0:00,2/7/19 0:00,1063.20573,9.911714649,10,14720
2/7/19 0:00,2/8/19 0:00,667.8142704,5.847174104,16,10172
2/8/19 0:00,2/9/19 0:00,387.054546,3.451791402,5,6136
2/9/19 0:00,2/10/19 0:00,388.2544427,3.300926294,3,5844
2/10/19 0:00,2/11/19 0:00,1392.315133,12.80778895,5,20699.7565
2/11/19 0:00,2/12/19 0:00,532.5844814,4.497968873,9,7960
2/12/19 0:00,2/13/19 0:00,499.282397,4.653068976,7,8151
2/13/19 0:00,2/14/19 0:00,475.0213616,3.843911897,11,6678
2/14/19 0:00,2/15/19 0:00,529.2462475,5.304480721,13,9384
2/15/19 0:00,2/16/19 0:00,420.9477071,3.254037215,3,5816
2/16/19 0:00,2/17/19 0:00,312.2645954,3.067633676,2,5534
2/17/19 0:00,2/18/19 0:00,474.3370883,4.334933697,2,7698
2/18/19 0:00,2/19/19 0:00,506.5721638,4.483355673,7,8039.397447
2/19/19 0:00,2/20/19 0:00,508.8255938,4.657000025,6,8402.602553
2/20/19 0:00,2/21/19 0:00,458.7604443,3.792507007,3,6770
2/21/19 0:00,2/22/19 0:00,1042.882766,10.52190247,4,18600.12249
2/22/19 0:00,2/23/19 0:00,698.3755171,7.058400542,13,12515.87579
2/23/19 0:00,2/24/19 0:00,1113.214778,9.210200453,95,16294.99617
2/24/19 0:00,2/25/19 0:00,763.6868954,8.836821816,7,14972.68221
2/25/19 0:00,2/26/19 0:00,506.9943011,4.589964809,1,8172.507577
2/26/19 0:00,2/27/19 0:00,817.5784524,8.24874519,8,14301
2/27/19 0:00,2/28/19 0:00,367.4527149,3.594453347,5,6530
2/28/19 0:00,3/1/19 0:00,520.030373,5.019264733,12,8781
3/1/19 0:00,3/2/19 0:00,562.4988537,5.829390078,5,10349
3/2/19 0:00,3/3/19 0:00,908.4911463,8.784913385,0,12652
3/3/19 0:00,3/4/19 0:00,1074.05612,10.07752866,2,14928
3/4/19 0:00,3/5/19 0:00,587.1678799,5.678805647,10,10113
3/5/19 0:00,3/6/19 0:00,805.917,8.509315451,9,14565
3/6/19 0:00,3/7/19 0:00,434.2797041,3.615194425,8,6405
3/7/19 0:00,3/8/19 0:00,778.5662959,8.320973803,14,14512
3/8/19 0:00,3/9/19 0:00,376.295,3.622333428,8,6485
3/9/19 0:00,3/10/19 0:00,416.1061943,3.77380342,1,6484
3/10/19 0:00,3/11/19 0:00,605.7916448,5.821376041,1,9763.5085
3/11/19 0:00,3/12/19 0:00,544.9665305,4.791958539,9,8522.413945
3/12/19 0:00,3/13/19 0:00,688.0258008,7.096710103,9,12416.46363
3/13/19 0:00,3/14/19 0:00,597.9287111,6.73038021,11,11573
3/14/19 0:00,3/15/19 0:00,654.6591185,6.612115173,8,11575
3/15/19 0:00,3/16/19 0:00,513.378,4.566621036,17,7731
3/16/19 0:00,3/17/19 0:00,411.884,3.621298649,3,6240
3/17/19 0:00,3/18/19 0:00,381.15,4.95030747,7,8746
3/18/19 0:00,3/19/19 0:00,650.4406525,6.13444743,8,10632.96298
3/19/19 0:00,3/20/19 0:00,599.2802804,5.177303097,7,9127
3/20/19 0:00,3/21/19 0:00,676.459185,6.973927862,9.177213116,12197
3/21/19 0:00,3/22/19 0:00,591.530908,5.356933597,4.822786884,9413
3/22/19 0:00,3/23/19 0:00,990.7770002,9.749616477,9,14417
3/23/19 0:00,3/24/19 0:00,445.3179739,3.920466136,1,7008.097066
3/24/19 0:00,3/25/19 0:00,326.569,2.318481194,3,3961
3/25/19 0:00,3/26/19 0:00,437.541,3.469864878,5,6037
3/26/19 0:00,3/27/19 0:00,703.5829672,5.163275704,39,8968
3/27/19 0:00,3/28/19 0:00,667.9920328,5.087717217,4,9298
3/28/19 0:00,3/29/19 0:00,539.2618815,4.045693988,30,7057.539368
3/29/19 0:00,3/30/19 0:00,484.5367592,4.819847386,2,8441
3/30/19 0:00,3/31/19 0:00,706.9252764,7.796858574,1,12911.10941
3/31/19 0:00,4/1/19 0:00,804.5402896,9.715419978,4,16450.86011
4/1/19 0:00,4/2/19 0:00,537.8747933,5.909967522,17,10574
4/2/19 0:00,4/3/19 0:00,364.585,3.73792496,11,6717
4/3/19 0:00,4/4/19 0:00,1037.132618,9.459706985,11,15871
4/4/19 0:00,4/5/19 0:00,548.606777,5.505904284,8,9623
4/5/19 0:00,4/6/19 0:00,708.6604372,7.05318668,11,12230
4/6/19 0:00,4/7/19 0:00,481.1071312,5.44810229,1,9072.921758
4/7/19 0:00,4/8/19 0:00,555.5778113,5.53864112,5,9425.053098
4/8/19 0:00,4/9/19 0:00,590.7662258,5.819041328,14,10195
4/9/19 0:00,4/10/19 0:00,702.63,6.834124495,10,11822
4/10/19 0:00,4/11/19 0:00,1017.296046,7.085799039,9,11993.42174
4/11/19 0:00,4/12/19 0:00,576.4949535,5.836463342,17,10133
4/12/19 0:00,4/13/19 0:00,560.3236405,5.494382271,12,9820
4/13/19 0:00,4/14/19 0:00,1518.923359,6.220435306,2,10437
4/14/19 0:00,4/15/19 0:00,1766.907,17.91206094,1,25578
4/15/19 0:00,4/16/19 0:00,439.7450728,4.513035042,15,7865.635863
4/16/19 0:00,4/17/19 0:00,653.6808711,6.117653666,17,10909
4/17/19 0:00,4/18/19 0:00,635.4076279,5.782566897,17,10118.0946
4/18/19 0:00,4/19/19 0:00,604.9132376,5.825290391,13,9986
4/19/19 0:00,4/20/19 0:00,577.8587483,6.52141723,14,11162.43163
4/20/19 0:00,4/21/19 0:00,342.5746614,3.261717279,1,5724
4/21/19 0:00,4/22/19 0:00,621.856781,6.831111001,4,12049.07721
4/22/19 0:00,4/23/19 0:00,599.1667554,6.81349876,15,11709
4/23/19 0:00,4/24/19 0:00,826.6282446,8.505371817,13,14437
4/24/19 0:00,4/25/19 0:00,941.892,11.28759863,9,19076.24676
4/25/19 0:00,4/26/19 0:00,616.640531,5.269432345,17,9224
4/26/19 0:00,4/27/19 0:00,728.0647654,8.602217358,14,14724.67455
4/27/19 0:00,4/28/19 0:00,501.5017036,5.877169858,2,10373.80933
4/28/19 0:00,4/29/19 0:00,451.842,4.403217758,8,7698
4/29/19 0:00,4/30/19 0:00,762.021,7.900612117,12,13711
4/30/19 0:00,5/1/19 0:00,684.8159913,7.9605862,11,13835
5/1/19 0:00,5/2/19 0:00,994.2064404,11.64445204,9,19626
5/2/19 0:00,5/3/19 0:00,791.7910759,9.627375708,9,16477.39356
5/3/19 0:00,5/4/19 0:00,655.408354,7.41733077,11,13127.64365
5/4/19 0:00,5/5/19 0:00,1027.924138,10.55013131,3,16178.6561
5/5/19 0:00,5/6/19 0:00,542.1139499,5.888202516,1,10426.1627
5/6/19 0:00,5/7/19 0:00,693.7290335,7.585108942,14,13406.60928
5/7/19 0:00,5/8/19 0:00,709.4619914,7.442451921,14,12993.22802
5/8/19 0:00,5/9/19 0:00,548.8260733,3.912995569,19,6855
5/9/19 0:00,5/10/19 0:00,643.6582175,4.017239301,16,7094.267994
5/10/19 0:00,5/11/19 0:00,532.0341405,5.896940164,21,10551
5/11/19 0:00,5/12/19 0:00,569.5065939,5.976919415,11,10521.66086
5/12/19 0:00,5/13/19 0:00,711.21,8.751830476,14,14913
5/13/19 0:00,5/14/19 0:00,611.7643811,6.610228708,11,11477
5/14/19 0:00,5/15/19 0:00,667.0516189,8.057615271,10,13635
5/15/19 0:00,5/16/19 0:00,505.5075381,5.725643355,8,10005
5/16/19 0:00,5/17/19 0:00,591.8795886,6.348564517,14,11099.08332
5/17/19 0:00,5/18/19 0:00,735.1871995,5.757216028,13,9841.916685
5/18/19 0:00,5/19/19 0:00,672.5878236,5.330269603,8,9354
5/19/19 0:00,5/20/19 0:00,450.0328501,4.845442066,2,8239.237685
5/20/19 0:00,5/21/19 0:00,343.5851299,3.911571299,19,7070
5/21/19 0:00,5/22/19 0:00,388.2048701,3.811946366,13,6631.898956
5/22/19 0:00,5/23/19 0:00,563.477,6.086104784,7,10296
5/23/19 0:00,5/24/19 0:00,331.6097222,3.507117845,10,6243
5/24/19 0:00,5/25/19 0:00,702.0412778,7.189055139,8,11534
5/25/19 0:00,5/26/19 0:00,410.0799517,3.995640636,1,7056
5/26/19 0:00,5/27/19 0:00,565.2830483,5.408836134,4,9409
5/27/19 0:00,5/28/19 0:00,585.3437585,6.152776474,8,10684.76595
5/28/19 0:00,5/29/19 0:00,639.2020767,5.983020833,7,10380.08947
5/29/19 0:00,5/30/19 0:00,396.8271271,5.405621032,9,9603.840957
5/30/19 0:00,5/31/19 0:00,395.3148775,4.534152825,5,7958.303618
5/31/19 0:00,6/1/19 0:00,395.3148775,4.587190218,4,8146.229497
6/1/19 0:00,6/2/19 0:00,395.3148775,6.008785845,2,10201.7705
6/2/19 0:00,6/3/19 0:00,395.3148775,1.615405966,0,2938
6/3/19 0:00,6/4/19 0:00,773.8398995,6.569837443,10,11422.9869
6/4/19 0:00,6/5/19 0:00,685.3323959,7.658556272,15,13051.7903
6/5/19 0:00,6/6/19 0:00,571.1512324,5.492283953,8,9290.222792
6/6/19 0:00,6/7/19 0:00,423.9044579,4.125418229,10,7233.350332
6/7/19 0:00,6/8/19 0:00,858.6485421,10.13975123,16,16644.64967
6/8/19 0:00,6/9/19 0:00,240.5271031,1.559293712,0,2772.675784
6/9/19 0:00,6/10/19 0:00,23.69489689,3.392770807,0,7587
6/10/19 0:00,6/11/19 0:00,331.2995906,5.445501508,11,10004.69929
6/11/19 0:00,6/12/19 0:00,537.5214094,5.671562857,11,9979
6/12/19 0:00,6/13/19 0:00,562.5901214,5.914335256,13,10976.60947
6/13/19 0:00,6/14/19 0:00,511.5128786,5.224766802,3,9644
6/14/19 0:00,6/15/19 0:00,393.5417053,3.476831317,5,6346.666924
6/15/19 0:00,6/16/19 0:00,185.6332947,1.497717821,2,2606.44738
6/16/19 0:00,6/17/19 0:00,0,0.001322964,6,2.780127186
6/17/19 0:00,6/18/19 0:00,0,0.001322964,84,2.780127186
6/18/19 0:00,6/19/19 0:00,0,0.001322964,53,2.780127186
6/19/19 0:00,6/20/19 0:00,0,0.001322964,1,2.780127186
6/20/19 0:00,6/21/19 0:00,387.0446996,3.284280061,8,5720.47793
6/21/19 0:00,6/22/19 0:00,549.2540917,5.042636565,5,8856.972634
6/22/19 0:00,6/23/19 0:00,673.4682087,6.988814788,1,11427.29299
6/23/19 0:00,6/24/19 0:00,443.9673815,3.387229483,6,5981.809734
6/24/19 0:00,6/25/19 0:00,473.0396185,3.696620253,5,6384.190266
6/25/19 0:00,6/26/19 0:00,561.5208557,5.440550785,4,9368
6/26/19 0:00,6/27/19 0:00,642.2781443,6.260385188,6,10926
6/27/19 0:00,6/28/19 0:00,502.8503686,5.042511574,5,8913
6/28/19 0:00,6/29/19 0:00,464.9757618,3.676638668,2,6473.236658
6/29/19 0:00,6/30/19 0:00,549.4569841,4.437504925,8,7812.763342
6/30/19 0:00,7/1/19 0:00,482.6504914,4.547116334,2,8193
7/1/19 0:00,7/2/19 0:00,697.7161662,6.871384135,11,11876.23087
7/2/19 0:00,7/3/19 0:00,789.4919093,8.185585572,8,13994.90463
7/3/19 0:00,7/4/19 0:00,547.1783956,5.70132006,4,9935
7/4/19 0:00,7/5/19 0:00,604.1855311,5.941953954,7,10336
7/5/19 0:00,7/6/19 0:00,723.5856442,8.003832134,5,13539
7/6/19 0:00,7/7/19 0:00,535.3883016,5.492938004,2,9551.422236
7/7/19 0:00,7/8/19 0:00,871.1580436,9.948898782,4,16484.08249
7/8/19 0:00,7/9/19 0:00,772.7414843,8.377527789,6,14828
7/9/19 0:00,7/10/19 0:00,454.4262371,3.848266839,8,6739
7/10/19 0:00,7/11/19 0:00,678.0079367,6.868829439,9,12108
7/11/19 0:00,7/12/19 0:00,596.3306558,5.75766072,9,10104.36011
7/12/19 0:00,7/13/19 0:00,584.1200888,5.820104452,5,9970
7/13/19 0:00,7/14/19 0:00,650.8741799,6.022215379,17,10695.60981
7/14/19 0:00,7/15/19 0:00,379.6998201,3.602063856,4,6126.358741
7/15/19 0:00,7/16/19 0:00,0,0.011621806,10,18.88328871
7/16/19 0:00,7/17/19 0:00,246.1609191,1.816064054,7,3196.148156
7/17/19 0:00,7/18/19 0:00,606.2107247,5.420077366,8,9533
7/18/19 0:00,7/19/19 0:00,489.731082,3.95130277,1,6935.425199
7/19/19 0:00,7/20/19 0:00,681.7792742,6.562128039,8,11543.5748
7/20/19 0:00,7/21/19 0:00,221.465,0.977137949,0,1753
7/21/19 0:00,7/22/19 0:00,1745.828852,9.346718911,2,16111.76125
7/22/19 0:00,7/23/19 0:00,626.5948024,6.399429364,8,11165.36634
7/23/19 0:00,7/24/19 0:00,441.2963455,3.745492139,2,6717.224553
7/24/19 0:00,7/25/19 0:00,676.6591386,6.821105569,11,12068.50686
7/25/19 0:00,7/26/19 0:00,506.1458614,4.344030394,1,7640
7/26/19 0:00,7/27/19 0:00,517.3372926,4.980838696,0,8829.238535
7/27/19 0:00,7/28/19 0:00,550.1564647,5.380837187,2,9457.547684
7/28/19 0:00,7/29/19 0:00,590.1797859,5.685226818,3,10056
7/29/19 0:00,7/30/19 0:00,398.7029226,2.840731882,0,4968
7/30/19 0:00,7/31/19 0:00,740.4235341,7.988276126,6,13861
7/31/19 0:00,8/1/19 0:00,313.29,2.199365024,0,3793
8/1/19 0:00,8/2/19 0:00,371.662,5.434845704,0,10453.25074
8/2/19 0:00,8/3/19 0:00,773.1893477,6.231002344,1,10417.35128
8/3/19 0:00,8/4/19 0:00,599.061646,4.398722032,2,7860
8/4/19 0:00,8/5/19 0:00,353.4910063,1.644468408,1,3037
8/5/19 0:00,8/6/19 0:00,608.9,7.178817737,10,9252
8/6/19 0:00,8/7/19 0:00,433.599,3.551808801,9,6251
8/7/19 0:00,8/8/19 0:00,445.548,3.689833078,9,6673.779944
8/8/19 0:00,8/9/19 0:00,559.615,4.740156721,12,8436.543515
8/9/19 0:00,8/10/19 0:00,412.345772,3.117266355,4,5521.498766
8/10/19 0:00,8/11/19 0:00,528.258228,5.520818405,2,10076.14753
8/11/19 0:00,8/12/19 0:00,1384.847616,15.79331955,173,29480.22292
8/12/19 0:00,8/13/19 0:00,491.4403828,4.363082628,5,8117
8/13/19 0:00,8/14/19 0:00,544.1930505,5.108320977,4,9467.487222
8/14/19 0:00,8/15/19 0:00,463.2199503,4.192768996,2,7487.186477
8/15/19 0:00,8/16/19 0:00,803.797,9.46924065,12,14867.16942
8/16/19 0:00,8/17/19 0:00,528.166,4.312279779,4,7798
8/17/19 0:00,8/18/19 0:00,366.598,2.895538195,0,5337
8/18/19 0:00,8/19/19 0:00,678.484,5.426357597,0,8171
8/19/19 0:00,8/20/19 0:00,482.547,4.003270523,5,7094
8/20/19 0:00,8/21/19 0:00,387.915,2.904544534,0,5151
8/21/19 0:00,8/22/19 0:00,1128.483,10.79315948,3,16650
8/22/19 0:00,8/23/19 0:00,533.254,4.31826765,5,7577.689491
8/23/19 0:00,8/24/19 0:00,436.822,3.095957064,6,5549
8/24/19 0:00,8/25/19 0:00,402.654,3.0237021,0,5463
8/25/19 0:00,8/26/19 0:00,795.142,8.653363304,5,15209
8/26/19 0:00,8/27/19 0:00,607.343,5.774522951,1,10178
8/27/19 0:00,8/28/19 0:00,624.711,6.225824392,3,11088
8/28/19 0:00,8/29/19 0:00,597.176,4.618071344,3,8164
8/29/19 0:00,8/30/19 0:00,513.911,4.645846535,1,8178
8/30/19 0:00,8/31/19 0:00,454.724,2.672069511,1,4887
8/31/19 0:00,9/1/19 0:00,411.066,2.964774741,5,5358
9/1/19 0:00,9/2/19 0:00,402.776,1.778460303,1,3226
9/2/19 0:00,9/3/19 0:00,459.974,3.730384772,1,6718
9/3/19 0:00,9/4/19 0:00,478.519,3.748711206,1,6529
9/4/19 0:00,9/5/19 0:00,469.072,4.251750081,1,7516
9/5/19 0:00,9/6/19 0:00,561.633,4.858604368,1,8362
9/6/19 0:00,9/7/19 0:00,526.303,4.10439435,3,7086
9/7/19 0:00,9/8/19 0:00,785.904,6.913533275,0,10133
9/8/19 0:00,9/9/19 0:00,313.537,1.857811581,0,3272.172234
9/9/19 0:00,9/10/19 0:00,593.118,5.492289178,5,9551
9/10/19 0:00,9/11/19 0:00,497.586,4.293677539,1,7520
9/11/19 0:00,9/12/19 0:00,916.565,8.630926379,1,13323.07584
9/12/19 0:00,9/13/19 0:00,508.714,4.30691928,3,7444
9/13/19 0:00,9/14/19 0:00,967.466,9.004095045,3,14397
9/14/19 0:00,9/15/19 0:00,302.319,1.568299315,1,2855
9/15/19 0:00,9/16/19 0:00,764.961,6.378243512,1,9740
9/16/19 0:00,9/17/19 0:00,459.827,3.742390906,1,6616.05808
9/17/19 0:00,9/18/19 0:00,488.591,3.715949323,1,6446
9/18/19 0:00,9/19/19 0:00,959.591,9.106501562,1,14447
9/19/19 0:00,9/20/19 0:00,525.632,3.822813837,1,6656
9/20/19 0:00,9/21/19 0:00,922.049,8.697246157,1,13408
9/21/19 0:00,9/22/19 0:00,811.361,8.910396498,36,16047
9/22/19 0:00,9/23/19 0:00,553.713,5.628210499,0,9898
9/23/19 0:00,9/24/19 0:00,488.969,4.007584308,2,7011
9/24/19 0:00,9/25/19 0:00,677.222,6.953031607,4,12055
9/25/19 0:00,9/26/19 0:00,585.351,5.607063446,1,9635
9/26/19 0:00,9/27/19 0:00,477.838,4.147507106,2,7223
9/27/19 0:00,9/28/19 0:00,978.403,9.013173785,3,14119
9/28/19 0:00,9/29/19 0:00,186.802,0.760741585,0,1407
9/29/19 0:00,9/30/19 0:00,828.19,7.758105881,1,11803.90546
9/30/19 0:00,10/1/19 0:00,508.999,3.957572714,1,6882
10/1/19 0:00,10/2/19 0:00,1057.387,9.712718797,1,15588
10/2/19 0:00,10/3/19 0:00,470.76,3.9292445,1,6791
10/3/19 0:00,10/4/19 0:00,526.106,4.440896791,2,7343
10/4/19 0:00,10/5/19 0:00,936.497,8.933145339,1,13662
10/5/19 0:00,10/6/19 0:00,484.569,4.220310977,2,7248
10/6/19 0:00,10/7/19 0:00,494.041,4.678549619,1,8122.56446
10/7/19 0:00,10/8/19 0:00,511.788,4.657273264,2,8053.844086
10/8/19 0:00,10/9/19 0:00,502.806,4.567637193,1,7935
10/9/19 0:00,10/10/19 0:00,959.151,9.294320515,1,14786
10/10/19 0:00,10/11/19 0:00,416.544,3.410735931,1,5986
10/11/19 0:00,10/12/19 0:00,563.745,5.844473953,1,10023
10/12/19 0:00,10/13/19 0:00,260.015,1.466198986,0,2660
10/13/19 0:00,10/14/19 0:00,864.871,7.90889638,1,11883
10/14/19 0:00,10/15/19 0:00,535.865,4.715442858,1,8097
10/15/19 0:00,10/16/19 0:00,1032.511,9.754269825,4,15336
10/16/19 0:00,10/17/19 0:00,702.913,7.374072995,2,12435
10/17/19 0:00,10/18/19 0:00,521.008,4.665587039,2,8266
10/18/19 0:00,10/19/19 0:00,567.9340423,4.330259494,1,7625
10/19/19 0:00,10/20/19 0:00,714.1999577,6.094828751,6,10849.84541
10/20/19 0:00,10/21/19 0:00,336.875,1.494076007,1,2757
10/21/19 0:00,10/22/19 0:00,478.387,4.306785349,1,7453
10/22/19 0:00,10/23/19 0:00,1077.42,10.38522724,3,16154
10/23/19 0:00,10/24/19 0:00,648.131,6.767406189,2,11429.81094
10/24/19 0:00,10/25/19 0:00,938.494,9.252138868,1,14022
10/25/19 0:00,10/26/19 0:00,575.267,5.692298788,1,9476
10/26/19 0:00,10/27/19 0:00,255.766,1.870742109,0,3496
10/27/19 0:00,10/28/19 0:00,442.97,4.107710794,2,7079
10/28/19 0:00,10/29/19 0:00,485.115,4.192944874,1,7264
10/29/19 0:00,10/30/19 0:00,903.364,8.318283429,1,12569
10/30/19 0:00,10/31/19 0:00,517.755,4.29513895,2,7511
10/31/19 0:00,11/1/19 0:00,537.868,5.178699799,2,8787
11/1/19 0:00,11/2/19 0:00,488.557,4.344673282,5,7402
11/2/19 0:00,11/3/19 0:00,276.263,1.524270597,0,2819.95769
11/3/19 0:00,11/4/19 0:00,783.365,6.462892712,1,9282
11/4/19 0:00,11/5/19 0:00,476.989,4.041296823,1,6994
11/5/19 0:00,11/6/19 0:00,916.649,8.498689708,0,12997
11/6/19 0:00,11/7/19 0:00,657.347,6.48893049,3,11130
11/7/19 0:00,11/8/19 0:00,578.844,5.823128467,3,9640
11/8/19 0:00,11/9/19 0:00,551.549,4.857361488,2,8250
11/9/19 0:00,11/10/19 0:00,303.965,2.057734762,0,3754
11/10/19 0:00,11/11/19 0:00,399.777,3.058718424,1,5413
11/11/19 0:00,11/12/19 0:00,586.681,5.71044064,2,9774
11/12/19 0:00,11/13/19 0:00,487.008,4.597504051,3,7505
11/13/19 0:00,11/14/19 0:00,588.223,5.089956079,3,8962
11/14/19 0:00,11/15/19 0:00,635.646,6.74795329,3,10635
11/15/19 0:00,11/16/19 0:00,534.645,5.448747194,1,8798
11/16/19 0:00,11/17/19 0:00,321.372,2.214092824,0,3979
11/17/19 0:00,11/18/19 0:00,434.838,3.330503011,1,5816
11/18/19 0:00,11/19/19 0:00,517.495,4.314779555,3,7508
11/19/19 0:00,11/20/19 0:00,968.496,8.477420377,2,13699
11/20/19 0:00,11/21/19 0:00,617.497,5.360572941,2,9045.213353
11/21/19 0:00,11/22/19 0:00,552.378,4.796991172,2,8178
11/22/19 0:00,11/23/19 0:00,547.538,5.517025007,2,9550
11/23/19 0:00,11/24/19 0:00,548.114,4.727155166,1,8408
11/24/19 0:00,11/25/19 0:00,316.943,1.678023299,5,3004.578467
11/25/19 0:00,11/26/19 0:00,301.361,1.946015635,11,3482
11/26/19 0:00,11/27/19 0:00,533.555,5.271955884,11,9284
11/27/19 0:00,11/28/19 0:00,0,1.896122903,6,3961
11/28/19 0:00,11/29/19 0:00,0,8.736948122,65,16626
11/29/19 0:00,11/30/19 0:00,0,4.502829959,9,8536
11/30/19 0:00,12/1/19 0:00,0,0.703401803,4,1416
12/1/19 0:00,12/2/19 0:00,0,2.03261843,1,3832
12/2/19 0:00,12/3/19 0:00,0,4.371188115,2,8329
12/3/19 0:00,12/4/19 0:00,0,1.969927357,5,3806
12/4/19 0:00,12/5/19 0:00,0,4.099281715,2,7803
12/5/19 0:00,12/6/19 0:00,0,4.006223299,3,7568
12/6/19 0:00,12/7/19 0:00,39.086,3.58436048,2,6972
12/7/19 0:00,12/8/19 0:00,259.425,1.648118598,0,2946
12/8/19 0:00,12/9/19 0:00,364.026,2.077483286,2,3602.190171
12/9/19 0:00,12/10/19 0:00,589.845,5.850112017,2,9706
12/10/19 0:00,12/11/19 0:00,965.246,9.832274802,4,15713
12/11/19 0:00,12/12/19 0:00,699.733,6.936121047,5,11571
12/12/19 0:00,12/13/19 0:00,736.1950312,7.045604855,2,11709.2487
12/13/19 0:00,12/14/19 0:00,696.4049688,7.161136065,2,11334
12/14/19 0:00,12/15/19 0:00,131.331,0.435514065,0,790
12/15/19 0:00,12/16/19 0:00,421.668,3.679657558,1,6464
12/16/19 0:00,12/17/19 0:00,641.461,6.374461818,5,10492
12/17/19 0:00,12/18/19 0:00,506.125,4.418999566,4,7424
12/18/19 0:00,12/19/19 0:00,692.672,7.726109369,3.050616528,12729
12/19/19 0:00,12/20/19 0:00,568.266,5.323227561,4,9130
12/20/19 0:00,12/21/19 0:00,551.514,5.544773573,2,9291.414639
12/21/19 0:00,12/22/19 0:00,296.487,2.151876567,2,3789
12/22/19 0:00,12/23/19 0:00,337.708,2.331998433,2,4171.776817
12/23/19 0:00,12/24/19 0:00,476.321,3.02574029,5,5421
12/24/19 0:00,12/25/19 0:00,257.784,2.315906497,10,4114
12/25/19 0:00,12/26/19 0:00,169.304,1.656703143,7,3061.381093
12/26/19 0:00,12/27/19 0:00,566.348,4.765419032,5,8020
12/27/19 0:00,12/28/19 0:00,471.07,3.971803156,5,6743
12/28/19 0:00,12/29/19 0:00,228.011,1.291646339,6,2496
12/29/19 0:00,12/30/19 0:00,296.957,1.751282331,5,3112
12/30/19 0:00,12/31/19 0:00,674.46,6.729598231,6,10877
12/31/19 0:00,1/1/20 0:00,360.624058,3.096084849,11,5485
1/1/20 0:00,1/2/20 0:00,390.250942,2.43449567,6.307151267,4352
1/2/20 0:00,1/3/20 0:00,890.227,8.006316334,4,12806
1/3/20 0:00,1/4/20 0:00,784.906,7.24793998,2,12135
1/4/20 0:00,1/5/20 0:00,271.801,1.737336849,0,3169
1/5/20 0:00,1/6/20 0:00,457.729,3.472286137,1,5938
1/6/20 0:00,1/7/20 0:00,897.285,8.218042037,2,12651
1/7/20 0:00,1/8/20 0:00,576.699,5.24885567,2,9114
1/8/20 0:00,1/9/20 0:00,833.135,5.169311255,2,9193
1/9/20 0:00,1/10/20 0:00,464.621,4.184699861,3,6957
1/10/20 0:00,1/11/20 0:00,703.831,6.684707578,4,11637
1/11/20 0:00,1/12/20 0:00,219.003,1.479759627,0,2750
1/12/20 0:00,1/13/20 0:00,284.043,1.808917568,1,3190
1/13/20 0:00,1/14/20 0:00,1001.35,9.705100152,2,15780
1/14/20 0:00,1/15/20 0:00,369.343,2.539073651,3,4498
1/15/20 0:00,1/16/20 0:00,555.763,5.359094363,1,9194.93979
1/16/20 0:00,1/17/20 0:00,601.287,6.149934364,2,10447
1/17/20 0:00,1/18/20 0:00,413.622,3.35390648,2,5891
1/18/20 0:00,1/19/20 0:00,270.578,1.661266917,0,3089
1/19/20 0:00,1/20/20 0:00,859.576,8.23187895,1,13287
1/20/20 0:00,1/21/20 0:00,422.526,3.362245697,3,5923
1/21/20 0:00,1/22/20 0:00,833.45,7.575066975,1,12289
1/22/20 0:00,1/23/20 0:00,478.223,4.54653323,4,7837
1/23/20 0:00,1/24/20 0:00,534.464,4.689245007,2,7819
1/24/20 0:00,1/25/20 0:00,962.552,9.53900889,1,15401
1/25/20 0:00,1/26/20 0:00,335.021,2.98926441,2,5432
1/26/20 0:00,1/27/20 0:00,279.724,0.910365499,0,1691
1/27/20 0:00,1/28/20 0:00,557.683,4.937734892,1,8355
1/28/20 0:00,1/29/20 0:00,887.083,8.035920764,2,13251
1/29/20 0:00,1/30/20 0:00,646.914,7.100285877,2,11859.51159
1/30/20 0:00,1/31/20 0:00,832.064,7.185073537,8,11576
1/31/20 0:00,2/1/20 0:00,504.701,4.646583009,3,8033
2/1/20 0:00,2/2/20 0:00,228.776,1.218916761,0,2277
2/2/20 0:00,2/3/20 0:00,339.235,1.795562917,0,3303
2/3/20 0:00,2/4/20 0:00,977.657,9.385496937,3,15550
2/4/20 0:00,2/5/20 0:00,372.25,2.525762424,1,4509
2/5/20 0:00,2/6/20 0:00,836.225,4.423895106,4,7596
2/6/20 0:00,2/7/20 0:00,581.904,5.449501921,5,9298
2/7/20 0:00,2/8/20 0:00,590.78,5.599578977,2,9874
2/8/20 0:00,2/9/20 0:00,174.535,0.941451473,0,1741
2/9/20 0:00,2/10/20 0:00,445.753,4.396803485,3,7411
2/10/20 0:00,2/11/20 0:00,524.181,5.423745587,1,8973.648988
2/11/20 0:00,2/12/20 0:00,642.65,6.032424118,7,10283
2/12/20 0:00,2/13/20 0:00,626.897,6.65888204,2,11107
2/13/20 0:00,2/14/20 0:00,645.704,6.56981885,3,10771
2/14/20 0:00,2/15/20 0:00,306.265,1.992798567,1,3482
2/15/20 0:00,2/16/20 0:00,479.116,4.459688024,2,8093
2/16/20 0:00,2/17/20 0:00,604.943,6.227538452,2,10830
2/17/20 0:00,2/18/20 0:00,1053.364,10.39976594,1,16488
2/18/20 0:00,2/19/20 0:00,883.493,7.714446744,5,12016
2/19/20 0:00,2/20/20 0:00,481.485,4.546966666,2,7773
2/20/20 0:00,2/21/20 0:00,563.517,5.089572866,4,8853
2/21/20 0:00,2/22/20 0:00,527.712,4.343809888,3,7374
2/22/20 0:00,2/23/20 0:00,801.148,7.631176918,8,13269
2/23/20 0:00,2/24/20 0:00,396.392,3.325181419,1,5803
2/24/20 0:00,2/25/20 0:00,942.873,9.465234881,3,16411
2/25/20 0:00,2/26/20 0:00,968.513,9.170140612,4,16379
2/26/20 0:00,2/27/20 0:00,556.143,5.16327148,5,9057.309498
2/27/20 0:00,2/28/20 0:00,487.481,3.834713474,5,6913
2/28/20 0:00,2/29/20 0:00,459.551,3.798338976,2,6796
2/29/20 0:00,3/1/20 0:00,284.718,2.37289171,0,4409
3/1/20 0:00,3/2/20 0:00,698.749,5.881685392,2,10275
3/2/20 0:00,3/3/20 0:00,943.698,9.039956761,3,15662
3/3/20 0:00,3/4/20 0:00,828.674,7.819925292,2,14387
3/4/20 0:00,3/5/20 0:00,759.467,8.4042303,3,14452
3/5/20 0:00,3/6/20 0:00,534.271,4.476569955,5,8066
3/6/20 0:00,3/7/20 0:00,907.3729278,8.216730958,4,14605
3/7/20 0:00,3/8/20 0:00,884.798489,7.96827836,3,13238
3/8/20 0:00,3/9/20 0:00,362.5685832,3.078169736,1,5341
3/9/20 0:00,3/10/20 0:00,818.229,7.434970059,2,12015
3/10/20 0:00,3/11/20 0:00,899.947,8.363154538,4,13585
3/11/20 0:00,3/12/20 0:00,508.374,4.509519092,3,7737
3/12/20 0:00,3/13/20 0:00,384.986,3.117443285,2,5497
3/13/20 0:00,3/14/20 0:00,506.989,4.535176829,9,7981
3/14/20 0:00,3/15/20 0:00,1015.612387,9.762501374,8,15831.60177
3/15/20 0:00,3/16/20 0:00,555.8316127,3.709956682,31,6609.398231
3/16/20 0:00,3/17/20 0:00,691.9648836,5.863383715,15,10239
3/17/20 0:00,3/18/20 0:00,332.7541164,3.468627464,1,6265.155311
3/18/20 0:00,3/19/20 0:00,220.129,0.944112917,0,1760
3/19/20 0:00,3/20/20 0:00,0,0.455008662,0,895
3/20/20 0:00,3/21/20 0:00,0.351,1.599476731,1,3048
3/21/20 0:00,3/22/20 0:00,0,0,0,0
3/22/20 0:00,3/23/20 0:00,180.331,0.725134306,0,1374.603218
3/23/20 0:00,3/24/20 0:00,252.016,0.97649019,0,1819.444193
3/24/20 0:00,3/25/20 0:00,455.114,3.662971373,1,6625
3/25/20 0:00,3/26/20 0:00,475.234,4.288813693,2,7696.196986
3/26/20 0:00,3/27/20 0:00,372.533,2.899760577,2,5074
3/27/20 0:00,3/28/20 0:00,309.052,2.509439115,1,4522
3/28/20 0:00,3/29/20 0:00,384.235,3.522263197,1,6251.595408
3/29/20 0:00,3/30/20 0:00,293.161,2.462119408,1,4237
3/30/20 0:00,3/31/20 0:00,377.482,2.959220966,1,5237
3/31/20 0:00,4/1/20 0:00,767.348,6.379589912,0,9768
4/1/20 0:00,4/2/20 0:00,395.444,3.165466816,1,5624
4/2/20 0:00,4/3/20 0:00,377.495,2.805868833,1,4975
4/3/20 0:00,4/4/20 0:00,416.694,3.445160878,1,6162
4/4/20 0:00,4/5/20 0:00,317.839,2.852710123,1,5023
4/5/20 0:00,4/6/20 0:00,355.207,3.040506581,1,5192
4/6/20 0:00,4/7/20 0:00,754.462,5.962625313,0,8702
4/7/20 0:00,4/8/20 0:00,363.349,2.825686099,1,4957
4/8/20 0:00,4/9/20 0:00,448.368,3.861603212,2,6784
4/9/20 0:00,4/10/20 0:00,414.17,3.220615995,1,5516
4/10/20 0:00,4/11/20 0:00,398.578,3.225696316,1,5593.093301
4/11/20 0:00,4/12/20 0:00,342.029,3.088539099,1,5303
4/12/20 0:00,4/13/20 0:00,354.029,2.835612936,1,4996
4/13/20 0:00,4/14/20 0:00,337.322,2.554541915,1.457245238,4525
4/14/20 0:00,4/15/20 0:00,356.685,2.652974058,1,4703
4/15/20 0:00,4/16/20 0:00,449.091,3.629815319,3,6408
4/16/20 0:00,4/17/20 0:00,424.939,3.29169037,1,5864.892289
4/17/20 0:00,4/18/20 0:00,360.634,2.65400342,1,4629
4/18/20 0:00,4/19/20 0:00,485.085,5.007803098,2,8791
4/19/20 0:00,4/20/20 0:00,496.771,4.551094277,3,8031.208196
4/20/20 0:00,4/21/20 0:00,406.747,3.265601042,1,5621.899522
4/21/20 0:00,4/22/20 0:00,523.267,4.695377557,7,8183
4/22/20 0:00,4/23/20 0:00,476.562,3.820164443,2,6860.61757
4/23/20 0:00,4/24/20 0:00,517.312,4.708066145,2,8213
4/24/20 0:00,4/25/20 0:00,380.948,2.73175954,1,4841
4/25/20 0:00,4/26/20 0:00,869.994,8.280825205,4,12735.39329
4/26/20 0:00,4/27/20 0:00,311.75,2.603169556,1,4613
4/27/20 0:00,4/28/20 0:00,362.007,2.694638862,2,4860
4/28/20 0:00,4/29/20 0:00,360.5,2.72609381,1,4777.546906
4/29/20 0:00,4/30/20 0:00,545.477,5.226571462,3,9178
4/30/20 0:00,5/1/20 0:00,451.726,3.436422357,2,5868
5/1/20 0:00,5/2/20 0:00,370.366,2.891075302,1,5099
5/2/20 0:00,5/3/20 0:00,270.05,1.43374042,0,2637.346655
5/3/20 0:00,5/4/20 0:00,447.642,1.758225545,0,3080
5/4/20 0:00,5/5/20 0:00,754.782,6.280237292,0,9382
5/5/20 0:00,5/6/20 0:00,388.947,3.237327063,1,5771
5/6/20 0:00,5/7/20 0:00,584.784,2.836861591,1,5028
5/7/20 0:00,5/8/20 0:00,287.294,2.560905517,2,4493
5/8/20 0:00,5/9/20 0:00,319.026,2.52570541,1,4422
5/9/20 0:00,5/10/20 0:00,204.38,1.429858083,0,2634.724479
5/10/20 0:00,5/11/20 0:00,715.979,6.175636986,4,9226
5/11/20 0:00,5/12/20 0:00,329.061,2.6755265,1,4746
5/12/20 0:00,5/13/20 0:00,553.775,2.494864908,0,4222
5/13/20 0:00,5/14/20 0:00,704.753,5.96088614,1,8687
5/14/20 0:00,5/15/20 0:00,363.083,2.848852382,1,5060
5/15/20 0:00,5/16/20 0:00,530.368,2.134518067,0,3477
5/16/20 0:00,5/17/20 0:00,720.341,5.806397278,1,8328
5/17/20 0:00,5/18/20 0:00,468.299,4.964486881,1,8632
5/18/20 0:00,5/19/20 0:00,0,0.069507473,0,143
5/19/20 0:00,5/20/20 0:00,322.556,2.689043939,1,4718
5/20/20 0:00,5/21/20 0:00,586.903,5.857475419,2,10211
5/21/20 0:00,5/22/20 0:00,348.76,2.723655278,1,4814
5/22/20 0:00,5/23/20 0:00,392.176,3.47427162,1,6174
5/23/20 0:00,5/24/20 0:00,379.382,3.340616192,1,5908.574631
5/24/20 0:00,5/25/20 0:00,476.076,4.306804032,1,7642
5/25/20 0:00,5/26/20 0:00,328.107,2.770452511,1,4912
5/26/20 0:00,5/27/20 0:00,495.048,4.650678999,2,8192
5/27/20 0:00,5/28/20 0:00,425.837,4.029886102,1,7231
5/28/20 0:00,5/29/20 0:00,456.053,4.504872829,1,7917
5/29/20 0:00,5/30/20 0:00,462.884,4.55446567,3,7974
5/30/20 0:00,5/31/20 0:00,482.141,5.228366295,1,9234
5/31/20 0:00,6/1/20 0:00,391.689,4.023888381,1,7020
6/1/20 0:00,6/2/20 0:00,435.305,4.04789166,2,7024
6/2/20 0:00,6/3/20 0:00,459.419,4.550551041,1,7961
6/3/20 0:00,6/4/20 0:00,406.025,4.176755049,1,7336
6/4/20 0:00,6/5/20 0:00,429.951,4.050197102,1,7162
6/5/20 0:00,6/6/20 0:00,519.257,5.132385828,1,9148
6/6/20 0:00,6/7/20 0:00,421.206,4.470982424,1,7866
6/7/20 0:00,6/8/20 0:00,536.735,5.249663957,1,9241
6/8/20 0:00,6/9/20 0:00,492.496,4.45111009,1,7884
6/9/20 0:00,6/10/20 0:00,521.244,5.157426468,1,9047.972431
6/10/20 0:00,6/11/20 0:00,483.064,4.907949529,1,8632
6/11/20 0:00,6/12/20 0:00,516.315,4.82706997,8.8985282,8587.685737
6/12/20 0:00,6/13/20 0:00,494.578,5.042786094,1,8857
6/13/20 0:00,6/14/20 0:00,461.883,5.005200612,1,8724
6/14/20 0:00,6/15/20 0:00,512.958,4.97319571,2,8824
6/15/20 0:00,6/16/20 0:00,499.295,4.300270484,1,7593
6/16/20 0:00,6/17/20 0:00,465.699,4.765795197,1,8460
6/17/20 0:00,6/18/20 0:00,529.629,5.210327577,1,9143
6/18/20 0:00,6/19/20 0:00,451.255,4.094892859,1,7227
6/19/20 0:00,6/20/20 0:00,474.981,2.747421369,7.552453741,5042
6/20/20 0:00,6/21/20 0:00,518.249,4.464008271,8,8002
6/21/20 0:00,6/22/20 0:00,485.504,4.326751098,2,7742
6/22/20 0:00,6/23/20 0:00,436.021,3.630692142,4.721381497,6470.726647
6/23/20 0:00,6/24/20 0:00,297.283,1.553277018,4,2894.046188
6/24/20 0:00,6/25/20 0:00,795.09,7.740741468,32,13822
6/25/20 0:00,6/26/20 0:00,427.932,3.330282545,4,5791
6/26/20 0:00,6/27/20 0:00,503.374,4.143059172,12,7299.76768
6/27/20 0:00,6/28/20 0:00,454.877,2.870811181,12,5223.736642
6/28/20 0:00,6/29/20 0:00,471.2,3.161555018,6,5756
6/29/20 0:00,6/30/20 0:00,728.462,6.318317081,1,9505
6/30/20 0:00,7/1/20 0:00,709.163,6.096523664,1,9335
7/1/20 0:00,7/2/20 0:00,550.067,4.842591774,0,8538
7/2/20 0:00,7/3/20 0:00,487.704,4.645971347,1,8116
7/3/20 0:00,7/4/20 0:00,552.134,4.827062662,0,8664.423755
7/4/20 0:00,7/5/20 0:00,859.017,9.38581864,1,16345
7/5/20 0:00,7/6/20 0:00,495.898,4.615657216,1,8245
7/6/20 0:00,7/7/20 0:00,533.326,4.520777246,0,7950
7/7/20 0:00,7/8/20 0:00,584.517,5.36028074,1,9475
7/8/20 0:00,7/9/20 0:00,640.528,6.082822159,1,10729
7/9/20 0:00,7/10/20 0:00,514.971,4.535908797,1,7951
7/10/20 0:00,7/11/20 0:00,486.253,3.467847073,1,6226
7/11/20 0:00,7/12/20 0:00,412.839,3.473292688,1,6242.799789
7/12/20 0:00,7/13/20 0:00,472.276,4.109764543,1,7370
7/13/20 0:00,7/14/20 0:00,355.7023111,1.542887718,2,2830
7/14/20 0:00,7/15/20 0:00,679.9426889,7.140193086,2,12442
7/15/20 0:00,7/16/20 0:00,922.519,7.993148318,1,12589
7/16/20 0:00,7/17/20 0:00,519.731,4.673201912,1.594257747,8336.31571
7/17/20 0:00,7/18/20 0:00,448.209,3.950847009,1,6931.637012
7/18/20 0:00,7/19/20 0:00,768.253,6.214443716,1,9318
7/19/20 0:00,7/20/20 0:00,449.741,4.059657348,1,7270
7/20/20 0:00,7/21/20 0:00,41.188,0.166261086,0,355
7/21/20 0:00,7/22/20 0:00,388.973,3.578437848,0,6309
7/22/20 0:00,7/23/20 0:00,471.155,4.339168048,0,7770.04588
7/23/20 0:00,7/24/20 0:00,469.633,4.253101071,1,7600
7/24/20 0:00,7/25/20 0:00,460.641,4.127957146,1,7367
7/25/20 0:00,7/26/20 0:00,480.065,4.927384603,1,8751
7/26/20 0:00,7/27/20 0:00,463.201,4.035464142,0,7247
7/27/20 0:00,7/28/20 0:00,480.685,4.297554794,2,7824.775328
7/28/20 0:00,7/29/20 0:00,540.509,5.180923608,1,9454.224672
7/29/20 0:00,7/30/20 0:00,463.757,4.550789861,1,8164
7/30/20 0:00,7/31/20 0:00,479.338,4.569147919,1,8156
7/31/20 0:00,8/1/20 0:00,494.213,4.478287445,1,8020.42033
8/1/20 0:00,8/2/20 0:00,485.821,4.07459682,0,7260
8/2/20 0:00,8/3/20 0:00,464.034,4.067078212,1,7254
8/3/20 0:00,8/4/20 0:00,517.2501124,4.735503033,1,8369.014426
8/4/20 0:00,8/5/20 0:00,204.6908876,0.912190796,0,1683.985574
8/5/20 0:00,8/6/20 0:00,875.058,5.99130981,1,8885
8/6/20 0:00,8/7/20 0:00,506.085,4.849400039,1,8590
8/7/20 0:00,8/8/20 0:00,618.951,5.20032234,1,9151
8/8/20 0:00,8/9/20 0:00,570.109,6.100484084,12,10910
8/9/20 0:00,8/10/20 0:00,892.508,8.040408138,2,12922
8/10/20 0:00,8/11/20 0:00,626.2509649,6.464050631,2,11609.25295
8/11/20 0:00,8/12/20 0:00,786.9536762,8.571031327,3,15143.74705
8/12/20 0:00,8/13/20 0:00,658.3444869,6.290361042,2,11148.43526
8/13/20 0:00,8/14/20 0:00,783.1888719,6.933829919,14,12577
8/14/20 0:00,8/15/20 0:00,1114.586,6.759233274,103,12255
8/15/20 0:00,8/16/20 0:00,0,9.06057021,90,19065
8/16/20 0:00,8/17/20 0:00,0,1.165197789,0,2858
8/17/20 0:00,8/18/20 0:00,418.556,3.581663244,0,6551
8/18/20 0:00,8/19/20 0:00,542.902,5.025142663,2,9022
8/19/20 0:00,8/20/20 0:00,534.684,4.590807086,2,8249.305948
8/20/20 0:00,8/21/20 0:00,487.101,4.119113632,4.88969975,7396
8/21/20 0:00,8/22/20 0:00,783.429,7.299711722,2,11692.91425
8/22/20 0:00,8/23/20 0:00,393.343,2.363881033,7,4333
8/23/20 0:00,8/24/20 0:00,633.248,6.138364,2,10988
8/24/20 0:00,8/25/20 0:00,987.848,9.792092673,3,15974
8/25/20 0:00,8/26/20 0:00,476.16,4.000689491,5,7089
8/26/20 0:00,8/27/20 0:00,1095.622,10.63927807,2,17328
8/27/20 0:00,8/28/20 0:00,211.053,0.982168703,0,1829
8/28/20 0:00,8/29/20 0:00,867.585,6.692649451,2,10325
8/29/20 0:00,8/30/20 0:00,213.364,1.035915734,0,1922
8/30/20 0:00,8/31/20 0:00,591.617,6.192888523,4,10968
8/31/20 0:00,9/1/20 0:00,938.952,8.556671827,5,13822
9/1/20 0:00,9/2/20 0:00,327.918,1.855544147,0,3418
9/2/20 0:00,9/3/20 0:00,1105.96,10.52697896,6,17038
9/3/20 0:00,9/4/20 0:00,218.277,1.774730453,1,3342.691647
9/4/20 0:00,9/5/20 0:00,986.521,8.749537792,4,13739
9/5/20 0:00,9/6/20 0:00,322.897,2.12051322,5,3906
9/6/20 0:00,9/7/20 0:00,590.929,5.894205115,1,10464
9/7/20 0:00,9/8/20 0:00,937.286,8.426684569,10,13512
9/8/20 0:00,9/9/20 0:00,387.859,3.258236735,0,5708
9/9/20 0:00,9/10/20 0:00,1145.681,11.1799038,12,18132
9/10/20 0:00,9/11/20 0:00,418.184,3.231442451,9,5768
9/11/20 0:00,9/12/20 0:00,608.771,5.446186747,3,9594
9/12/20 0:00,9/13/20 0:00,248.339,2.079982304,6,3831
9/13/20 0:00,9/14/20 0:00,287.861,1.860221823,2.207923675,3371
9/14/20 0:00,9/15/20 0:00,598.491,5.629018054,4,10049
9/15/20 0:00,9/16/20 0:00,372.37,2.977859724,0,5274
9/16/20 0:00,9/17/20 0:00,655.548,6.255508456,5,11164
9/17/20 0:00,9/18/20 0:00,372.631,3.046205051,1,5457
9/18/20 0:00,9/19/20 0:00,568.355,4.630557135,3,8392
9/19/20 0:00,9/20/20 0:00,502.417,2.614480572,0,4657
9/20/20 0:00,9/21/20 0:00,515.383,4.439744148,4,7940
9/21/20 0:00,9/22/20 0:00,504.994,4.51350708,5,8043
9/22/20 0:00,9/23/20 0:00,239.065,1.19940276,0,2190
9/23/20 0:00,9/24/20 0:00,496.164,4.456379396,5,8027.43165
9/24/20 0:00,9/25/20 0:00,155.5,6.23630856,0,11775
9/25/20 0:00,9/26/20 0:00,569.048,4.939965286,7,8722
9/26/20 0:00,9/27/20 0:00,484.568,4.487029613,2,8249.179802
9/27/20 0:00,9/28/20 0:00,399.808,3.286518816,4,5912.688588
9/28/20 0:00,9/29/20 0:00,438.885,3.419153675,5,6210
9/29/20 0:00,9/30/20 0:00,383.341,2.825211966,3,5212
9/30/20 0:00,10/1/20 0:00,557.72,5.097598797,5,9058.761937
10/1/20 0:00,10/2/20 0:00,725.432,7.422846872,14.67529855,13172
10/2/20 0:00,10/3/20 0:00,414.837,2.823079962,4,4927
10/3/20 0:00,10/4/20 0:00,392.828,2.599307099,20,4619
10/4/20 0:00,10/5/20 0:00,527.88,4.893830235,8,8704.239395
10/5/20 0:00,10/6/20 0:00,672.34,6.720256096,8,11930
10/6/20 0:00,10/7/20 0:00,389.655,3.076551318,10.20131617,5375
10/7/20 0:00,10/8/20 0:00,794.416,8.464219136,7,15086
10/8/20 0:00,10/9/20 0:00,352.902,2.536801109,28,4516
10/9/20 0:00,10/10/20 0:00,445.902,3.164645889,6,5471
10/10/20 0:00,10/11/20 0:00,495.313,4.360207987,11,7969.897661
10/11/20 0:00,10/12/20 0:00,384.414,2.516652575,4,4447
10/12/20 0:00,10/13/20 0:00,607.078,5.711534285,11,10102
10/13/20 0:00,10/14/20 0:00,222.83,0.830911671,8,1502
10/14/20 0:00,10/15/20 0:00,605.936,6.045871732,8,10795
10/15/20 0:00,10/16/20 0:00,387.887,3.059696204,9,5274
10/16/20 0:00,10/17/20 0:00,554.642,5.110301983,6,8835
10/17/20 0:00,10/18/20 0:00,400.937,3.871723045,16.21422663,6821
10/18/20 0:00,10/19/20 0:00,482.5,4.394681657,4.247610065,7746
10/19/20 0:00,10/20/20 0:00,526.022,4.535396787,13,8198.09317
10/20/20 0:00,10/21/20 0:00,464.241,4.5085812,10,8021.374794
10/21/20 0:00,10/22/20 0:00,715.536,7.059211288,13,12581
10/22/20 0:00,10/23/20 0:00,484.98,4.509630061,10,8128.319024
10/23/20 0:00,10/24/20 0:00,504.881,4.326573098,5,7780
10/24/20 0:00,10/25/20 0:00,559.6205659,4.902041568,11,8529.639292
10/25/20 0:00,10/26/20 0:00,421.5654341,3.811374321,3,6611.219389
10/26/20 0:00,10/27/20 0:00,510.6,4.263247564,12,7571
10/27/20 0:00,10/28/20 0:00,457.398,4.274457318,9,7562
10/28/20 0:00,10/29/20 0:00,548.343,5.129248982,9,9072
10/29/20 0:00,10/30/20 0:00,576.717,5.45949719,5,9856
10/30/20 0:00,10/31/20 0:00,449.395,2.974382577,10,5299.33395
10/31/20 0:00,11/1/20 0:00,290.347,1.713249872,8,3208.403609
11/1/20 0:00,11/2/20 0:00,562.11,5.007695344,7,8808
11/2/20 0:00,11/3/20 0:00,687.933,6.449898579,7,11621.81951
11/3/20 0:00,11/4/20 0:00,473.506,4.26542131,9,7573
11/4/20 0:00,11/5/20 0:00,678.723,7.401802,8,13113
11/5/20 0:00,11/6/20 0:00,428.164,3.803721361,6,7005
11/6/20 0:00,11/7/20 0:00,601.623,5.706788205,4,9791.722793
11/7/20 0:00,11/8/20 0:00,438.674,3.22612543,17.03585495,5735
11/8/20 0:00,11/9/20 0:00,507.796,4.433658729,6,7830
11/9/20 0:00,11/10/20 0:00,322.149,5.263283573,8,9812
11/10/20 0:00,11/11/20 0:00,496.208,4.22525187,10,7375
11/11/20 0:00,11/12/20 0:00,618.859,5.854559427,5,10168
11/12/20 0:00,11/13/20 0:00,728.888,7.71955471,3,13933
11/13/20 0:00,11/14/20 0:00,673.335,6.320830972,1,11002.17016
11/14/20 0:00,11/15/20 0:00,319.197,2.14406937,13,3935
11/15/20 0:00,11/16/20 0:00,506.984,4.215839227,5,7419
11/16/20 0:00,11/17/20 0:00,434.885,3.227485642,8,5979
11/17/20 0:00,11/18/20 0:00,446.001,4.498132575,4,7806
11/18/20 0:00,11/19/20 0:00,683.685,6.869445424,7,12209
11/19/20 0:00,11/20/20 0:00,466.278,3.977635874,12,7378
11/20/20 0:00,11/21/20 0:00,510.078,4.608391191,2,8070
11/21/20 0:00,11/22/20 0:00,185.516,1.021158242,10,1876
11/22/20 0:00,11/23/20 0:00,489.291,4.12161714,2,7243.51768
11/23/20 0:00,11/24/20 0:00,588.503,5.651636569,2,9638
11/24/20 0:00,11/25/20 0:00,494.785,4.283337672,2,7245.075122
11/25/20 0:00,11/26/20 0:00,0,5.937131774,2,11208
11/26/20 0:00,11/27/20 0:00,426.438,3.428053394,4,6535
11/27/20 0:00,11/28/20 0:00,706.368,6.642364946,5,11562
11/28/20 0:00,11/29/20 0:00,202.896,0.742496775,3,1379.123706
11/29/20 0:00,11/30/20 0:00,472.8,4.413876524,3,7829.205511
11/30/20 0:00,12/1/20 0:00,482.365,4.061277596,2,7100
12/1/20 0:00,12/2/20 0:00,339.997,2.758711713,6,4838
12/2/20 0:00,12/3/20 0:00,588.723,5.690704428,5,9744.682305
12/3/20 0:00,12/4/20 0:00,480.489,4.505987214,2,7852.67236
12/4/20 0:00,12/5/20 0:00,646.631,6.212976651,2,10715
12/5/20 0:00,12/6/20 0:00,283.825,2.018483233,10,3623
12/6/20 0:00,12/7/20 0:00,448.721,3.792003078,3,6598
12/7/20 0:00,12/8/20 0:00,634.651,6.438689142,7,11137
12/8/20 0:00,12/9/20 0:00,0,4.121204398,2,7766
12/9/20 0:00,12/10/20 0:00,0,4.114369424,3,7858
12/10/20 0:00,12/11/20 0:00,0,6.092592854,3,11685
12/11/20 0:00,12/12/20 0:00,935.439,11.2758326,3,20453.06651
12/12/20 0:00,12/13/20 0:00,300.342,1.55306826,3,2871.789822
12/13/20 0:00,12/14/20 0:00,436.155,3.911497244,4,6821
12/14/20 0:00,12/15/20 0:00,0,5.183819941,3,9904
12/15/20 0:00,12/16/20 0:00,539.876,5.104636956,2,8371
12/16/20 0:00,12/17/20 0:00,401.984,3.02271127,5,5276
12/17/20 0:00,12/18/20 0:00,532.385,5.168951679,1,8565
12/18/20 0:00,12/19/20 0:00,388.882,1.759840401,11,3176
12/19/20 0:00,12/20/20 0:00,363.913,2.029128636,14,3668
12/20/20 0:00,12/21/20 0:00,502.724,3.703871243,7,5600
12/21/20 0:00,12/22/20 0:00,498.524,4.088503696,19,7259.874925
12/22/20 0:00,12/23/20 0:00,606.536,4.841299845,12,7363
12/23/20 0:00,12/24/20 0:00,772.8841953,4.562834051,8,6831
12/24/20 0:00,12/25/20 0:00,381.9688047,1.377947184,4,2469
12/25/20 0:00,12/26/20 0:00,386.459,1.899522752,5,3448.975046
12/26/20 0:00,12/27/20 0:00,341.334,1.072673317,3,1956.672755
12/27/20 0:00,12/28/20 0:00,446.049,3.475914657,6,6087
12/28/20 0:00,12/29/20 0:00,457.695,3.48417047,8,6070.507662
12/29/20 0:00,12/30/20 0:00,382.499,1.203938352,5,2180
12/30/20 0:00,12/31/20 0:00,371.424,1.48841773,5,2680
12/31/20 0:00,1/1/21 0:00,485.6452326,2.885346778,4,5152
1/1/21 0:00,1/2/21 0:00,461.1077674,2.697729513,12.71292045,4734
1/2/21 0:00,1/3/21 0:00,345.034,1.658538673,2.287079551,2922.235817
1/3/21 0:00,1/4/21 0:00,355.133,2.27563898,11,4131
1/4/21 0:00,1/5/21 0:00,603.204,4.541888034,11,7838
1/5/21 0:00,1/6/21 0:00,453.262,3.345747764,11,5692
1/6/21 0:00,1/7/21 0:00,595.327,5.459602587,4,9136
1/7/21 0:00,1/8/21 0:00,602.011,5.93388156,5,9515.333994
1/8/21 0:00,1/9/21 0:00,593.815,5.400185297,1,8811
1/9/21 0:00,1/10/21 0:00,425.779,2.695219742,17,4745.721765
1/10/21 0:00,1/11/21 0:00,684.607,6.015244402,7,9555
1/11/21 0:00,1/12/21 0:00,0,4.032987422,3,7557
1/12/21 0:00,1/13/21 0:00,733.411,6.375833114,4,10371.02925
1/13/21 0:00,1/14/21 0:00,0,3.523020371,2,6635
1/14/21 0:00,1/15/21 0:00,619.892,6.013606481,3,9537
1/15/21 0:00,1/16/21 0:00,660.477,5.406946854,2,9184.737401
1/16/21 0:00,1/17/21 0:00,310.686,2.309131622,13,4104
1/17/21 0:00,1/18/21 0:00,764.162,7.105857973,9.607328096,11726.15574
1/18/21 0:00,1/19/21 0:00,698.637,7.394461563,7,12761
1/19/21 0:00,1/20/21 0:00,765.534,7.099236179,2,11742.44538
1/20/21 0:00,1/21/21 0:00,641.598,6.519306695,6,11359
1/21/21 0:00,1/22/21 0:00,559.422,5.198969061,5,8950.956618
1/22/21 0:00,1/23/21 0:00,507.805,4.2100187,2,7470
1/23/21 0:00,1/24/21 0:00,660.024,6.539983668,15.92046018,11527.76564
1/24/21 0:00,1/25/21 0:00,495.753,4.618559481,7,8238
1/25/21 0:00,1/26/21 0:00,588.671,5.500577938,8,9691
1/26/21 0:00,1/27/21 0:00,761.245,6.886048883,4,11837
1/27/21 0:00,1/28/21 0:00,613.3,6.223352885,5,11072
1/28/21 0:00,1/29/21 0:00,594.428,4.898133931,5,8237.30589
1/29/21 0:00,1/30/21 0:00,375.766,2.306791587,6,4137
1/30/21 0:00,1/31/21 0:00,490.348,2.790288024,6,4726
1/31/21 0:00,2/1/21 0:00,329.843,1.873032224,6,3363
2/1/21 0:00,2/2/21 0:00,636.792,4.81145473,8,8099.88039
2/2/21 0:00,2/3/21 0:00,279.553,5.387957766,9,9520.335506
2/3/21 0:00,2/4/21 0:00,591.66,5.889529895,7,10624
2/4/21 0:00,2/5/21 0:00,644.331,6.778804885,4,11610.44388
2/5/21 0:00,2/6/21 0:00,592.537,5.221093645,3,8998
2/6/21 0:00,2/7/21 0:00,891.616,9.223699624,12,16278
2/7/21 0:00,2/8/21 0:00,631.174,5.283445627,9,8965
2/8/21 0:00,2/9/21 0:00,586.393,5.821818713,4,10186
2/9/21 0:00,2/10/21 0:00,129.443,1.130967531,3,2039
2/10/21 0:00,2/11/21 0:00,424.275,2.861025303,8,5078
2/11/21 0:00,2/12/21 0:00,353.404,2.056347554,6,3706
2/12/21 0:00,2/13/21 0:00,371.366,2.523616074,10.30471494,4412.242296
2/13/21 0:00,2/14/21 0:00,271.421,1.649134835,10,3035
2/14/21 0:00,2/15/21 0:00,443.47,2.661004258,9.309477576,4272.721684
2/15/21 0:00,2/16/21 0:00,621.736,5.99618916,5,10815
2/16/21 0:00,2/17/21 0:00,810.396,7.657359389,4,13274
2/17/21 0:00,2/18/21 0:00,687.222,6.924827424,9,12358.20739
2/18/21 0:00,2/19/21 0:00,566.684,5.883866646,2,10338
2/19/21 0:00,2/20/21 0:00,527.276,4.422022606,4.953175178,7989
2/20/21 0:00,2/21/21 0:00,704.833,6.672370257,8,11934.24076
2/21/21 0:00,2/22/21 0:00,477.249,4.285239788,4,7636
2/22/21 0:00,2/23/21 0:00,637.069,6.38147347,5,11405
2/23/21 0:00,2/24/21 0:00,675.943,5.521995315,3,9314
2/24/21 0:00,2/25/21 0:00,676.714,6.957848723,5,12286.30323
2/25/21 0:00,2/26/21 0:00,555.301,3.654371705,6,6184
2/26/21 0:00,2/27/21 0:00,456.983,3.442281958,7.310729295,6071
2/27/21 0:00,2/28/21 0:00,357.129,2.35023414,9,3729
2/28/21 0:00,3/1/21 0:00,605.864,5.572347314,5,9485.729362
3/1/21 0:00,3/2/21 0:00,668.924,6.902875682,5,12179
3/2/21 0:00,3/3/21 0:00,777.758,6.625697332,4,11389
3/3/21 0:00,3/4/21 0:00,726.16,7.840576677,7,13777
3/4/21 0:00,3/5/21 0:00,789.881,7.47865539,6,12410
3/5/21 0:00,3/6/21 0:00,659.715,5.809586275,7,10319
3/6/21 0:00,3/7/21 0:00,748.586,7.803649006,14,14046.92947
3/7/21 0:00,3/8/21 0:00,667.425,5.745006068,9.68575084,9743.677379
3/8/21 0:00,3/9/21 0:00,640.974,6.276605247,3,11055
3/9/21 0:00,3/10/21 0:00,592.153,5.983097965,3,10318
3/10/21 0:00,3/11/21 0:00,754.132,7.20140438,6.122424536,12334
3/11/21 0:00,3/12/21 0:00,777.402,7.342682098,7,12495
3/12/21 0:00,3/13/21 0:00,764.779,6.938648692,12,11839
3/13/21 0:00,3/14/21 0:00,471.871,3.116084027,10.08008244,5234.961831
3/14/21 0:00,3/15/21 0:00,386.617,2.276048379,6,4064.090116
3/15/21 0:00,3/16/21 0:00,424.845,3.355147947,8,6057
3/16/21 0:00,3/17/21 0:00,561.443,3.892869086,5,6638.131659
3/17/21 0:00,3/18/21 0:00,655.724,6.492068196,6,11539
3/18/21 0:00,3/19/21 0:00,490.342,4.378167505,2,7635
3/19/21 0:00,3/20/21 0:00,579.306,4.941957272,2,8720
3/20/21 0:00,3/21/21 0:00,496.599,3.095920269,19,5464.891025
3/21/21 0:00,3/22/21 0:00,392.731,3.064403618,7,5150.112201
3/22/21 0:00,3/23/21 0:00,644.435,6.096598357,10,10912
3/23/21 0:00,3/24/21 0:00,511.193,4.242731867,3,7407
3/24/21 0:00,3/25/21 0:00,646.174,6.649519588,6.880132251,11908
3/25/21 0:00,3/26/21 0:00,784.845,8.052377241,6,13727
3/26/21 0:00,3/27/21 0:00,553.423,4.883496369,2,8568
3/27/21 0:00,3/28/21 0:00,491.213,3.215749373,9,5736
3/28/21 0:00,3/29/21 0:00,610.695,4.937595062,5,8315
3/29/21 0:00,3/30/21 0:00,614.64,5.718807685,6,9952
3/30/21 0:00,3/31/21 0:00,763.932,6.578337053,10,11441.94646
3/31/21 0:00,4/1/21 0:00,523.012,4.653052116,10,8349
4/1/21 0:00,4/2/21 0:00,674.499,6.221867046,11,10802
4/2/21 0:00,4/3/21 0:00,675.853,6.235538929,5,10885
4/3/21 0:00,4/4/21 0:00,545.195,4.028324242,11.77466941,6838
4/4/21 0:00,4/5/21 0:00,706.078,6.445251177,5,10210
4/5/21 0:00,4/6/21 0:00,762.721,7.919642175,10,13899.72446
4/6/21 0:00,4/7/21 0:00,615.8,5.996934813,4,10420
4/7/21 0:00,4/8/21 0:00,657.353,6.99831762,7,12307.13696
4/8/21 0:00,4/9/21 0:00,567.724,4.411015397,15,6550
4/9/21 0:00,4/10/21 0:00,884.8930729,7.823123518,2,13709
4/10/21 0:00,4/11/21 0:00,866.7339271,7.132816444,26.44842211,11465.92305
4/11/21 0:00,4/12/21 0:00,573.234,4.905602119,8,7496.688235
4/12/21 0:00,4/13/21 0:00,0,3.936257685,7,7096
4/13/21 0:00,4/14/21 0:00,969.569,8.95773179,5,14097
4/14/21 0:00,4/15/21 0:00,512.383,4.73563901,5,8263.787238
4/15/21 0:00,4/16/21 0:00,661.807,7.472000969,4,12514
4/16/21 0:00,4/17/21 0:00,650.514,6.231567944,5,10692
4/17/21 0:00,4/18/21 0:00,630.522,5.353961488,9,8314
4/18/21 0:00,4/19/21 0:00,647.182,5.483068369,14,8589.986611
4/19/21 0:00,4/20/21 0:00,812.584,8.000967638,5,12828
4/20/21 0:00,4/21/21 0:00,566.423,5.055746304,7.369011823,8950
4/21/21 0:00,4/22/21 0:00,281.792,2.059226854,13,3786.063192
4/22/21 0:00,4/23/21 0:00,537.837,3.637360713,10,6405
4/23/21 0:00,4/24/21 0:00,621.58,4.425606314,5,6483
4/24/21 0:00,4/25/21 0:00,539.782,4.518153826,6,8075.873291
4/25/21 0:00,4/26/21 0:00,348.243,1.667616063,10.72466211,3071
4/26/21 0:00,4/27/21 0:00,352.591,1.431893543,8,2650
4/27/21 0:00,4/28/21 0:00,895.925,8.739273551,9,13973
4/28/21 0:00,4/29/21 0:00,596.591,6.048324282,3,10539
4/29/21 0:00,4/30/21 0:00,832.835,9.120622932,6,15713
4/30/21 0:00,5/1/21 0:00,802.339,7.576940311,7,12664
5/1/21 0:00,5/2/21 0:00,523.892,4.205606129,13,6427
5/2/21 0:00,5/3/21 0:00,993.371,9.579915876,15,15627
5/3/21 0:00,5/4/21 0:00,495.978,3.906853495,4,6865
5/4/21 0:00,5/5/21 0:00,637.177,6.533110081,5,11299
5/5/21 0:00,5/6/21 0:00,603.673,4.967192275,6,7749
5/6/21 0:00,5/7/21 0:00,192.891,0.838505981,5,1530.782657
5/7/21 0:00,5/8/21 0:00,907.241,7.621661831,5,12097
5/8/21 0:00,5/9/21 0:00,267.235,1.535540479,7.890439181,2787.281718
5/9/21 0:00,5/10/21 0:00,362.886,2.740565772,6,4822
5/10/21 0:00,5/11/21 0:00,828.086,7.625601726,5,12106.44027
5/11/21 0:00,5/12/21 0:00,552.722,5.268989785,3,9088
5/12/21 0:00,5/13/21 0:00,665.862,6.806414745,3,11817
5/13/21 0:00,5/14/21 0:00,775.622,7.035346071,6,11026
5/14/21 0:00,5/15/21 0:00,952.825,8.256029886,7,13743
5/15/21 0:00,5/16/21 0:00,728.745,6.086559765,15.56030766,9391
5/16/21 0:00,5/17/21 0:00,612.781,4.901387498,10,7209
5/17/21 0:00,5/18/21 0:00,793.938,6.899303904,6,10770
5/18/21 0:00,5/19/21 0:00,545.713,5.433665462,7,9529
5/19/21 0:00,5/20/21 0:00,603.213,5.640106607,8,9880
5/20/21 0:00,5/21/21 0:00,1252.801,12.02421424,11,19047.90654
5/21/21 0:00,5/22/21 0:00,396.776,1.816152418,11,3309.175828
5/22/21 0:00,5/23/21 0:00,431.546,3.129868666,8,5699.831974
5/23/21 0:00,5/24/21 0:00,1161.954592,9.405201072,41,16625
5/24/21 0:00,5/25/21 0:00,3324.077638,22.88033647,209.7919503,41618.13548
5/25/21 0:00,5/26/21 0:00,881.5297706,6.478360687,40,11370.13896
5/26/21 0:00,5/27/21 0:00,954.5316269,7.341266549,36.92001165,12983
5/27/21 0:00,5/28/21 0:00,404.3986915,4.061148861,0,7198
5/28/21 0:00,5/29/21 0:00,593.0166816,4.715343806,6,8439.937049
5/29/21 0:00,5/30/21 0:00,556.3745624,5.346551448,7,10007.30926
5/30/21 0:00,5/31/21 0:00,627.3014845,3.934760404,36.95738782,7074
5/31/21 0:00,6/1/21 0:00,602.3969531,5.535589498,8,10043
6/1/21 0:00,6/2/21 0:00,239.9096708,1.1702048,6.980143063,2182
6/2/21 0:00,6/3/21 0:00,546.2052836,3.70721327,14,6725.73377
6/3/21 0:00,6/4/21 0:00,708.1774346,3.892007355,68,6785.26623
6/4/21 0:00,6/5/21 0:00,829.6668308,7.074377252,45,12471.47169
6/5/21 0:00,6/6/21 0:00,990.8052707,7.020007995,38.02894436,12544.26946
6/6/21 0:00,6/7/21 0:00,565.2605095,4.390664096,29,7895.417071
6/7/21 0:00,6/8/21 0:00,493.2528871,2.958279894,13,5345
6/8/21 0:00,6/9/21 0:00,326.9411129,0.862263462,5,1573
6/9/21 0:00,6/10/21 0:00,514.0020339,3.349649816,9,5935
6/10/21 0:00,6/11/21 0:00,463.7338123,2.942578624,5.77290949,5193.713447
6/11/21 0:00,6/12/21 0:00,373.5361538,2.117100012,9,3966.392203
6/12/21 0:00,6/13/21 0:00,466.309,2.624977914,3.912852876,4683.739992
6/13/21 0:00,6/14/21 0:00,450.0493972,3.433356978,1,6186.781776
6/14/21 0:00,6/15/21 0:00,396.3946028,3.065717507,6,5549.581773
6/15/21 0:00,6/16/21 0:00,315.964,1.143475309,6,2099
6/16/21 0:00,6/17/21 0:00,409.392,3.732259503,19,6624.374397
6/17/21 0:00,6/18/21 0:00,606.378,6.003744669,7,10482
6/18/21 0:00,6/19/21 0:00,890.241,8.234789603,5.597989346,13325
6/19/21 0:00,6/20/21 0:00,937.005,8.215588352,22.84316323,13171
6/20/21 0:00,6/21/21 0:00,736.77,7.317473437,16,12853
6/21/21 0:00,6/22/21 0:00,943.293,8.937816778,12,14689.20298
6/22/21 0:00,6/23/21 0:00,928.003,9.481777762,7.457359318,15303
6/23/21 0:00,6/24/21 0:00,794.312,8.841834442,5.733474312,15421
6/24/21 0:00,6/25/21 0:00,730.909,7.536770825,3,13333
6/25/21 0:00,6/26/21 0:00,548.311,4.717703145,10.17361644,8338
6/26/21 0:00,6/27/21 0:00,274.52,1.881038568,12.77671354,3417
6/27/21 0:00,6/28/21 0:00,694.507,5.929973459,19,9989
6/28/21 0:00,6/29/21 0:00,549.605,4.607347775,9.843567283,8183
6/29/21 0:00,6/30/21 0:00,708.86,6.94694862,8,12132.67972
6/30/21 0:00,7/1/21 0:00,386.353,1.869774857,8,3342
7/1/21 0:00,7/2/21 0:00,622.129,6.288971026,8,10953
7/2/21 0:00,7/3/21 0:00,1035.768,9.611399018,10.79729389,14816
7/3/21 0:00,7/4/21 0:00,524.715,3.495546479,11,6348
7/4/21 0:00,7/5/21 0:00,343.665,2.662228892,13.85136169,4669
7/5/21 0:00,7/6/21 0:00,408.981,3.916505186,11.69117236,6944.081409
7/6/21 0:00,7/7/21 0:00,934.278,8.735463653,8,13561
7/7/21 0:00,7/8/21 0:00,710.603,5.757606065,8,9035
7/8/21 0:00,7/9/21 0:00,549.197,4.899246798,5.766204091,8800
7/9/21 0:00,7/10/21 0:00,930.927,9.42196073,5,15319.30466
7/10/21 0:00,7/11/21 0:00,614.642,5.641114205,17,9768
7/11/21 0:00,7/12/21 0:00,558.691,4.660495745,17.6468502,8344
7/12/21 0:00,7/13/21 0:00,987.552,9.350464747,7.5499153,14599
7/13/21 0:00,7/14/21 0:00,546.466,5.084371969,5,9046.583977
7/14/21 0:00,7/15/21 0:00,601.794,5.877673784,7,10418
7/15/21 0:00,7/16/21 0:00,555.438,4.493864571,13,7960
7/16/21 0:00,7/17/21 0:00,555.259,5.063759353,13.12645158,9016
7/17/21 0:00,7/18/21 0:00,320.675,1.686191687,15,3495
7/18/21 0:00,7/19/21 0:00,476.413,3.76857136,22,7014
7/19/21 0:00,7/20/21 0:00,498.488,4.102094008,19,7241
7/20/21 0:00,7/21/21 0:00,491.989,4.079810291,28,7375.980696
7/21/21 0:00,7/22/21 0:00,530.258,5.163407618,23,9324.075023
7/22/21 0:00,7/23/21 0:00,303.106,2.865702873,22,6004
7/23/21 0:00,7/24/21 0:00,441.37,4.253124119,32,7970.836668
7/24/21 0:00,7/25/21 0:00,322.422,0.708052511,4,1294.314831
7/25/21 0:00,7/26/21 0:00,376.524,2.932162527,14.71124956,5403
7/26/21 0:00,7/27/21 0:00,944.694,8.578311821,6.898457031,13797
7/27/21 0:00,7/28/21 0:00,458.564,3.50096727,7.820047982,6217
7/28/21 0:00,7/29/21 0:00,679.275,6.413043384,10.57969535,11299
7/29/21 0:00,7/30/21 0:00,846.1577114,8.561986459,8.906181438,15053
7/30/21 0:00,7/31/21 0:00,1054.932906,9.469425584,9,14888.41364
7/31/21 0:00,8/1/21 0:00,773.8963823,8.308009959,11.54083415,14715.58636
8/1/21 0:00,8/2/21 0:00,1027.805,9.990264632,17,15235
8/2/21 0:00,8/3/21 0:00,707.041,7.269346907,9,12780
8/3/21 0:00,8/4/21 0:00,715.469,7.180013045,5,12575
8/4/21 0:00,8/5/21 0:00,713.939,7.29777923,12,12771
8/5/21 0:00,8/6/21 0:00,1392.968,8.604780602,172,15429
8/6/21 0:00,8/7/21 0:00,654.606,4.971338877,5,7659
8/7/21 0:00,8/8/21 0:00,854.677,8.058647173,11,13730.2179
8/8/21 0:00,8/9/21 0:00,990.895,9.058279108,17,13843
8/9/21 0:00,8/10/21 0:00,716.088,7.20872256,6,12763
8/10/21 0:00,8/11/21 0:00,729.101,6.938402834,7.935718621,12264
8/11/21 0:00,8/12/21 0:00,723.695,7.466459891,7,13220.45886
8/12/21 0:00,8/13/21 0:00,893.832,10.28665679,10,18111
8/13/21 0:00,8/14/21 0:00,715.087,6.927964216,6.778443098,12245
8/14/21 0:00,8/15/21 0:00,366.872,2.424592307,23.09595652,4453
8/15/21 0:00,8/16/21 0:00,564.036,4.397744803,14,7503.115379
8/16/21 0:00,8/17/21 0:00,128.875,1.033906806,0,1894