"Start","active_cals","distance","flights","steps","month","weekday","dayofyear","stepgoal"
"2018-11-28",57.78656826,0.929998972,0,1884.621281,11,4,332,0
"2018-11-29",509.1524317,4.640739086,18,8952.978943,11,5,333,0
"2018-11-30",598.692,6.053471511,12,11665,11,6,334,1
"2018-12-01",660.8560478,6.796771258,6,12117,12,7,335,1
"2018-12-02",526.9169522,4.611580808,1,8924.766717,12,1,336,0
"2018-12-03",549.555,3.961053787,2,7205,12,2,337,0
"2018-12-04",669.604,6.597521653,5,12483.39723,12,3,338,1
"2018-12-05",557.1042267,4.909418579,6,9257.9357,12,4,339,0
"2018-12-06",997.1375975,7.504792709,13,14208,12,5,340,1
"2018-12-07",532.6291758,4.274131206,8,8269.46084,12,6,341,0
"2018-12-08",775.4614921,6.457724209,0,8834.269279,12,7,342,0
"2018-12-09",340.8510088,2.806838623,0,5265,12,1,343,0
"2018-12-10",982.4457769,8.808678727,8,13170,12,2,344,1
"2018-12-11",499.820923,4.026818045,8,7567,12,3,345,0
"2018-12-12",555.9943778,4.977676188,3,9247,12,4,346,0
"2018-12-13",392.8344214,3.47045462,0,6331,12,5,347,0
"2018-12-14",448.0897156,2.885332833,5,5388.893036,12,6,348,0
"2018-12-15",1090.938542,11.20563375,27,21223.71518,12,7,349,1
"2018-12-16",1029.00611,8.843438546,79,16376,12,1,350,1
"2018-12-17",363.7849384,2.498693087,7,4820,12,2,351,0
"2018-12-18",324.7936941,1.907144426,8,3662,12,3,352,0
"2018-12-19",796.274,6.83834099,4,9592,12,4,353,0
"2018-12-20",318.853,1.589470242,7,3023,12,5,354,0
"2018-12-21",407.5001665,3.128806578,5,5381,12,6,355,0
"2018-12-22",435.1952819,2.232078713,8,4203.768465,12,7,356,0
"2018-12-23",353.4515516,2.40012023,8,4286,12,1,357,0
"2018-12-24",382.4865037,2.333732688,2,4182,12,2,358,0
"2018-12-25",447.7854963,3.170580387,13,6054,12,3,359,0
"2018-12-26",311.253609,1.7301747,5,3175,12,4,360,0
"2018-12-27",517.329391,5.117346955,10,9585.115923,12,5,361,0
"2018-12-28",258.542,1.00183717,9,1866,12,6,362,0
"2018-12-29",537.8130016,3.48722705,6,6570.423599,12,7,363,0
"2018-12-30",316.5359984,1.213602815,4,2284.960354,12,1,364,0
"2018-12-31",716.655255,6.26427953,7,11588.27157,12,2,365,1
"2019-01-01",236.447745,0.802238724,4,1552.72843,1,3,1,0
"2019-01-02",356.548,3.067922819,6,5984,1,4,2,0
"2019-01-03",429.3385569,4.010534823,11,7658,1,5,3,0
"2019-01-04",1065.548443,9.678730857,0,14442,1,6,4,1
"2019-01-05",441.870475,3.529448601,5,6127,1,7,5,0
"2019-01-06",1021.671525,9.048971112,1,13054.57504,1,1,6,1
"2019-01-07",556.9627248,5.222291203,10,9181.422543,1,2,7,0
"2019-01-08",711.7829278,5.899919749,12,10194.57746,1,3,8,1
"2019-01-09",959.9137114,7.64508922,11,12984,1,4,9,1
"2019-01-10",654.696297,5.929639504,10,10278,1,5,10,1
"2019-01-11",897.7463391,6.548119634,7,11284,1,6,11,1
"2019-01-12",290.224,1.300807969,0,2366,1,7,12,0
"2019-01-13",779.7412712,7.36385592,3,10024.1262,1,1,13,1
"2019-01-14",1075.80745,10.2270205,12,14775,1,2,14,1
"2019-01-15",518.6533144,4.633915441,10,8038,1,3,15,0
"2019-01-16",502.9789645,4.327518274,14,7492.364837,1,4,16,0
"2019-01-17",624.9802803,5.863705299,8,10178,1,5,17,1
"2019-01-18",648.7767197,6.14097611,0,10424,1,6,18,1
"2019-01-19",479.168523,3.261180137,6,5704.254223,1,7,19,0
"2019-01-20",440.824477,3.864047742,7,6736,1,1,20,0
"2019-01-21",344.9486789,2.298807846,0,4163,1,2,21,0
"2019-01-22",708.9418283,7.107041295,19,12250,1,3,22,1
"2019-01-23",975.9882322,9.027632346,16,13011,1,4,23,1
"2019-01-24",568.4835565,5.233166712,8,8907,1,5,24,0
"2019-01-25",674.5715442,6.845019474,10,11562,1,6,25,1
"2019-01-26",517.5585671,5.066131123,1,8679.599622,1,7,26,0
"2019-01-27",738.0165928,7.643459222,11,12989,1,1,27,1
"2019-01-28",550.721,4.62870027,11,7743,1,2,28,0
"2019-01-29",613.4008,5.692892244,8,9829,1,3,29,0
"2019-01-30",939.0022,8.80066519,9,12532,1,4,30,1
"2019-01-31",543.91,4.978398533,14,8652,1,5,31,0
"2019-02-01",1053.777621,9.999569057,10,14853.89751,2,6,32,1
"2019-02-02",519.9175165,5.007139151,0,8308.449266,2,7,33,0
"2019-02-03",540.7057546,5.030318052,1,8694,2,1,34,0
"2019-02-04",1034.887641,9.728219023,6,14302,2,2,35,1
"2019-02-05",443.5844667,3.788645942,13,6643,2,3,36,0
"2019-02-06",1063.20573,9.911714649,10,14720,2,4,37,1
"2019-02-07",667.8142704,5.847174104,16,10172,2,5,38,1
"2019-02-08",387.054546,3.451791402,5,6136,2,6,39,0
"2019-02-09",388.2544427,3.300926294,3,5844,2,7,40,0
"2019-02-10",1392.315133,12.80778895,5,20699.7565,2,1,41,1
"2019-02-11",532.5844814,4.497968873,9,7960,2,2,42,0
"2019-02-12",499.282397,4.653068976,7,8151,2,3,43,0
"2019-02-13",475.0213616,3.843911897,11,6678,2,4,44,0
"2019-02-14",529.2462475,5.304480721,13,9384,2,5,45,0
"2019-02-15",420.9477071,3.254037215,3,5816,2,6,46,0
"2019-02-16",312.2645954,3.067633676,2,5534,2,7,47,0
"2019-02-17",474.3370883,4.334933697,2,7698,2,1,48,0
"2019-02-18",506.5721638,4.483355673,7,8039.397447,2,2,49,0
"2019-02-19",508.8255938,4.657000025,6,8402.602553,2,3,50,0
"2019-02-20",458.7604443,3.792507007,3,6770,2,4,51,0
"2019-02-21",1042.882766,10.52190247,4,18600.12249,2,5,52,1
"2019-02-22",698.3755171,7.058400542,13,12515.87579,2,6,53,1
"2019-02-23",1113.214778,9.210200453,95,16294.99617,2,7,54,1
"2019-02-24",763.6868954,8.836821816,7,14972.68221,2,1,55,1
"2019-02-25",506.9943011,4.589964809,1,8172.507577,2,2,56,0
"2019-02-26",817.5784524,8.24874519,8,14301,2,3,57,1
"2019-02-27",367.4527149,3.594453347,5,6530,2,4,58,0
"2019-02-28",520.030373,5.019264733,12,8781,2,5,59,0
"2019-03-01",562.4988537,5.829390078,5,10349,3,6,60,1
"2019-03-02",908.4911463,8.784913385,0,12652,3,7,61,1
"2019-03-03",1074.05612,10.07752866,2,14928,3,1,62,1
"2019-03-04",587.1678799,5.678805647,10,10113,3,2,63,1
"2019-03-05",805.917,8.509315451,9,14565,3,3,64,1
"2019-03-06",434.2797041,3.615194425,8,6405,3,4,65,0
"2019-03-07",778.5662959,8.320973803,14,14512,3,5,66,1
"2019-03-08",376.295,3.622333428,8,6485,3,6,67,0
"2019-03-09",416.1061943,3.77380342,1,6484,3,7,68,0
"2019-03-10",605.7916448,5.821376041,1,9763.5085,3,1,69,0
"2019-03-11",544.9665305,4.791958539,9,8522.413945,3,2,70,0
"2019-03-12",688.0258008,7.096710103,9,12416.46363,3,3,71,1
"2019-03-13",597.9287111,6.73038021,11,11573,3,4,72,1
"2019-03-14",654.6591185,6.612115173,8,11575,3,5,73,1
"2019-03-15",513.378,4.566621036,17,7731,3,6,74,0
"2019-03-16",411.884,3.621298649,3,6240,3,7,75,0
"2019-03-17",381.15,4.95030747,7,8746,3,1,76,0
"2019-03-18",650.4406525,6.13444743,8,10632.96298,3,2,77,1
"2019-03-19",599.2802804,5.177303097,7,9127,3,3,78,0
"2019-03-20",676.459185,6.973927862,9.177213116,12197,3,4,79,1
"2019-03-21",591.530908,5.356933597,4.822786884,9413,3,5,80,0
"2019-03-22",990.7770002,9.749616477,9,14417,3,6,81,1
"2019-03-23",445.3179739,3.920466136,1,7008.097066,3,7,82,0
"2019-03-24",326.569,2.318481194,3,3961,3,1,83,0
"2019-03-25",437.541,3.469864878,5,6037,3,2,84,0
"2019-03-26",703.5829672,5.163275704,39,8968,3,3,85,0
"2019-03-27",667.9920328,5.087717217,4,9298,3,4,86,0
"2019-03-28",539.2618815,4.045693988,30,7057.539368,3,5,87,0
"2019-03-29",484.5367592,4.819847386,2,8441,3,6,88,0
"2019-03-30",706.9252764,7.796858574,1,12911.10941,3,7,89,1
"2019-03-31",804.5402896,9.715419978,4,16450.86011,3,1,90,1
"2019-04-01",537.8747933,5.909967522,17,10574,4,2,91,1
"2019-04-02",364.585,3.73792496,11,6717,4,3,92,0
"2019-04-03",1037.132618,9.459706985,11,15871,4,4,93,1
"2019-04-04",548.606777,5.505904284,8,9623,4,5,94,0
"2019-04-05",708.6604372,7.05318668,11,12230,4,6,95,1
"2019-04-06",481.1071312,5.44810229,1,9072.921758,4,7,96,0
"2019-04-07",555.5778113,5.53864112,5,9425.053098,4,1,97,0
"2019-04-08",590.7662258,5.819041328,14,10195,4,2,98,1
"2019-04-09",702.63,6.834124495,10,11822,4,3,99,1
"2019-04-10",1017.296046,7.085799039,9,11993.42174,4,4,100,1
"2019-04-11",576.4949535,5.836463342,17,10133,4,5,101,1
"2019-04-12",560.3236405,5.494382271,12,9820,4,6,102,0
"2019-04-13",1518.923359,6.220435306,2,10437,4,7,103,1
"2019-04-14",1766.907,17.91206094,1,25578,4,1,104,1
"2019-04-15",439.7450728,4.513035042,15,7865.635863,4,2,105,0
"2019-04-16",653.6808711,6.117653666,17,10909,4,3,106,1
"2019-04-17",635.4076279,5.782566897,17,10118.0946,4,4,107,1
"2019-04-18",604.9132376,5.825290391,13,9986,4,5,108,0
"2019-04-19",577.8587483,6.52141723,14,11162.43163,4,6,109,1
"2019-04-20",342.5746614,3.261717279,1,5724,4,7,110,0
"2019-04-21",621.856781,6.831111001,4,12049.07721,4,1,111,1
"2019-04-22",599.1667554,6.81349876,15,11709,4,2,112,1
"2019-04-23",826.6282446,8.505371817,13,14437,4,3,113,1
"2019-04-24",941.892,11.28759863,9,19076.24676,4,4,114,1
"2019-04-25",616.640531,5.269432345,17,9224,4,5,115,0
"2019-04-26",728.0647654,8.602217358,14,14724.67455,4,6,116,1
"2019-04-27",501.5017036,5.877169858,2,10373.80933,4,7,117,1
"2019-04-28",451.842,4.403217758,8,7698,4,1,118,0
"2019-04-29",762.021,7.900612117,12,13711,4,2,119,1
"2019-04-30",684.8159913,7.9605862,11,13835,4,3,120,1
"2019-05-01",994.2064404,11.64445204,9,19626,5,4,121,1
"2019-05-02",791.7910759,9.627375708,9,16477.39356,5,5,122,1
"2019-05-03",655.408354,7.41733077,11,13127.64365,5,6,123,1
"2019-05-04",1027.924138,10.55013131,3,16178.6561,5,7,124,1
"2019-05-05",542.1139499,5.888202516,1,10426.1627,5,1,125,1
"2019-05-06",693.7290335,7.585108942,14,13406.60928,5,2,126,1
"2019-05-07",709.4619914,7.442451921,14,12993.22802,5,3,127,1
"2019-05-08",548.8260733,3.912995569,19,6855,5,4,128,0
"2019-05-09",643.6582175,4.017239301,16,7094.267994,5,5,129,0
"2019-05-10",532.0341405,5.896940164,21,10551,5,6,130,1
"2019-05-11",569.5065939,5.976919415,11,10521.66086,5,7,131,1
"2019-05-12",711.21,8.751830476,14,14913,5,1,132,1
"2019-05-13",611.7643811,6.610228708,11,11477,5,2,133,1
"2019-05-14",667.0516189,8.057615271,10,13635,5,3,134,1
"2019-05-15",505.5075381,5.725643355,8,10005,5,4,135,1
"2019-05-16",591.8795886,6.348564517,14,11099.08332,5,5,136,1
"2019-05-17",735.1871995,5.757216028,13,9841.916685,5,6,137,0
"2019-05-18",672.5878236,5.330269603,8,9354,5,7,138,0
"2019-05-19",450.0328501,4.845442066,2,8239.237685,5,1,139,0
"2019-05-20",343.5851299,3.911571299,19,7070,5,2,140,0
"2019-05-21",388.2048701,3.811946366,13,6631.898956,5,3,141,0
"2019-05-22",563.477,6.086104784,7,10296,5,4,142,1
"2019-05-23",331.6097222,3.507117845,10,6243,5,5,143,0
"2019-05-24",702.0412778,7.189055139,8,11534,5,6,144,1
"2019-05-25",410.0799517,3.995640636,1,7056,5,7,145,0
"2019-05-26",565.2830483,5.408836134,4,9409,5,1,146,0
"2019-05-27",585.3437585,6.152776474,8,10684.76595,5,2,147,1
"2019-05-28",639.2020767,5.983020833,7,10380.08947,5,3,148,1
"2019-05-29",396.8271271,5.405621032,9,9603.840957,5,4,149,0
"2019-05-30",395.3148775,4.534152825,5,7958.303618,5,5,150,0
"2019-05-31",395.3148775,4.587190218,4,8146.229497,5,6,151,0
"2019-06-01",395.3148775,6.008785845,2,10201.7705,6,7,152,1
"2019-06-02",395.3148775,1.615405966,0,2938,6,1,153,0
"2019-06-03",773.8398995,6.569837443,10,11422.9869,6,2,154,1
"2019-06-04",685.3323959,7.658556272,15,13051.7903,6,3,155,1
"2019-06-05",571.1512324,5.492283953,8,9290.222792,6,4,156,0
"2019-06-06",423.9044579,4.125418229,10,7233.350332,6,5,157,0
"2019-06-07",858.6485421,10.13975123,16,16644.64967,6,6,158,1
"2019-06-08",240.5271031,1.559293712,0,2772.675784,6,7,159,0
"2019-06-09",23.69489689,3.392770807,0,7587,6,1,160,0
"2019-06-10",331.2995906,5.445501508,11,10004.69929,6,2,161,1
"2019-06-11",537.5214094,5.671562857,11,9979,6,3,162,0
"2019-06-12",562.5901214,5.914335256,13,10976.60947,6,4,163,1
"2019-06-13",511.5128786,5.224766802,3,9644,6,5,164,0
"2019-06-14",393.5417053,3.476831317,5,6346.666924,6,6,165,0
"2019-06-15",185.6332947,1.497717821,2,2606.44738,6,7,166,0
"2019-06-16",0,0.001322964,6,2.780127186,6,1,167,0
"2019-06-17",0,0.001322964,84,2.780127186,6,2,168,0
"2019-06-18",0,0.001322964,53,2.780127186,6,3,169,0
"2019-06-19",0,0.001322964,1,2.780127186,6,4,170,0
"2019-06-20",387.0446996,3.284280061,8,5720.47793,6,5,171,0
"2019-06-21",549.2540917,5.042636565,5,8856.972634,6,6,172,0
"2019-06-22",673.4682087,6.988814788,1,11427.29299,6,7,173,1
"2019-06-23",443.9673815,3.387229483,6,5981.809734,6,1,174,0
"2019-06-24",473.0396185,3.696620253,5,6384.190266,6,2,175,0
"2019-06-25",561.5208557,5.440550785,4,9368,6,3,176,0
"2019-06-26",642.2781443,6.260385188,6,10926,6,4,177,1
"2019-06-27",502.8503686,5.042511574,5,8913,6,5,178,0
"2019-06-28",464.9757618,3.676638668,2,6473.236658,6,6,179,0
"2019-06-29",549.4569841,4.437504925,8,7812.763342,6,7,180,0
"2019-06-30",482.6504914,4.547116334,2,8193,6,1,181,0
"2019-07-01",697.7161662,6.871384135,11,11876.23087,7,2,182,1
"2019-07-02",789.4919093,8.185585572,8,13994.90463,7,3,183,1
"2019-07-03",547.1783956,5.70132006,4,9935,7,4,184,0
"2019-07-04",604.1855311,5.941953954,7,10336,7,5,185,1
"2019-07-05",723.5856442,8.003832134,5,13539,7,6,186,1
"2019-07-06",535.3883016,5.492938004,2,9551.422236,7,7,187,0
"2019-07-07",871.1580436,9.948898782,4,16484.08249,7,1,188,1
"2019-07-08",772.7414843,8.377527789,6,14828,7,2,189,1
"2019-07-09",454.4262371,3.848266839,8,6739,7,3,190,0
"2019-07-10",678.0079367,6.868829439,9,12108,7,4,191,1
"2019-07-11",596.3306558,5.75766072,9,10104.36011,7,5,192,1
"2019-07-12",584.1200888,5.820104452,5,9970,7,6,193,0
"2019-07-13",650.8741799,6.022215379,17,10695.60981,7,7,194,1
"2019-07-14",379.6998201,3.602063856,4,6126.358741,7,1,195,0
"2019-07-15",0,0.011621806,10,18.88328871,7,2,196,0
"2019-07-16",246.1609191,1.816064054,7,3196.148156,7,3,197,0
"2019-07-17",606.2107247,5.420077366,8,9533,7,4,198,0
"2019-07-18",489.731082,3.95130277,1,6935.425199,7,5,199,0
"2019-07-19",681.7792742,6.562128039,8,11543.5748,7,6,200,1
"2019-07-20",221.465,0.977137949,0,1753,7,7,201,0
"2019-07-21",1745.828852,9.346718911,2,16111.76125,7,1,202,1
"2019-07-22",626.5948024,6.399429364,8,11165.36634,7,2,203,1
"2019-07-23",441.2963455,3.745492139,2,6717.224553,7,3,204,0
"2019-07-24",676.6591386,6.821105569,11,12068.50686,7,4,205,1
"2019-07-25",506.1458614,4.344030394,1,7640,7,5,206,0
"2019-07-26",517.3372926,4.980838696,0,8829.238535,7,6,207,0
"2019-07-27",550.1564647,5.380837187,2,9457.547684,7,7,208,0
"2019-07-28",590.1797859,5.685226818,3,10056,7,1,209,1
"2019-07-29",398.7029226,2.840731882,0,4968,7,2,210,0
"2019-07-30",740.4235341,7.988276126,6,13861,7,3,211,1
"2019-07-31",313.29,2.199365024,0,3793,7,4,212,0
"2019-08-01",371.662,5.434845704,0,10453.25074,8,5,213,1
"2019-08-02",773.1893477,6.231002344,1,10417.35128,8,6,214,1
"2019-08-03",599.061646,4.398722032,2,7860,8,7,215,0
"2019-08-04",353.4910063,1.644468408,1,3037,8,1,216,0
"2019-08-05",608.9,7.178817737,10,9252,8,2,217,0
"2019-08-06",433.599,3.551808801,9,6251,8,3,218,0
"2019-08-07",445.548,3.689833078,9,6673.779944,8,4,219,0
"2019-08-08",559.615,4.740156721,12,8436.543515,8,5,220,0
"2019-08-09",412.345772,3.117266355,4,5521.498766,8,6,221,0
"2019-08-10",528.258228,5.520818405,2,10076.14753,8,7,222,1
"2019-08-11",1384.847616,15.79331955,173,29480.22292,8,1,223,1
"2019-08-12",491.4403828,4.363082628,5,8117,8,2,224,0
"2019-08-13",544.1930505,5.108320977,4,9467.487222,8,3,225,0
"2019-08-14",463.2199503,4.192768996,2,7487.186477,8,4,226,0
"2019-08-15",803.797,9.46924065,12,14867.16942,8,5,227,1
"2019-08-16",528.166,4.312279779,4,7798,8,6,228,0
"2019-08-17",366.598,2.895538195,0,5337,8,7,229,0
"2019-08-18",678.484,5.426357597,0,8171,8,1,230,0
"2019-08-19",482.547,4.003270523,5,7094,8,2,231,0
"2019-08-20",387.915,2.904544534,0,5151,8,3,232,0
"2019-08-21",1128.483,10.79315948,3,16650,8,4,233,1
"2019-08-22",533.254,4.31826765,5,7577.689491,8,5,234,0
"2019-08-23",436.822,3.095957064,6,5549,8,6,235,0
"2019-08-24",402.654,3.0237021,0,5463,8,7,236,0
"2019-08-25",795.142,8.653363304,5,15209,8,1,237,1
"2019-08-26",607.343,5.774522951,1,10178,8,2,238,1
"2019-08-27",624.711,6.225824392,3,11088,8,3,239,1
"2019-08-28",597.176,4.618071344,3,8164,8,4,240,0
"2019-08-29",513.911,4.645846535,1,8178,8,5,241,0
"2019-08-30",454.724,2.672069511,1,4887,8,6,242,0
"2019-08-31",411.066,2.964774741,5,5358,8,7,243,0
"2019-09-01",402.776,1.778460303,1,3226,9,1,244,0
"2019-09-02",459.974,3.730384772,1,6718,9,2,245,0
"2019-09-03",478.519,3.748711206,1,6529,9,3,246,0
"2019-09-04",469.072,4.251750081,1,7516,9,4,247,0
"2019-09-05",561.633,4.858604368,1,8362,9,5,248,0
"2019-09-06",526.303,4.10439435,3,7086,9,6,249,0
"2019-09-07",785.904,6.913533275,0,10133,9,7,250,1
"2019-09-08",313.537,1.857811581,0,3272.172234,9,1,251,0
"2019-09-09",593.118,5.492289178,5,9551,9,2,252,0
"2019-09-10",497.586,4.293677539,1,7520,9,3,253,0
"2019-09-11",916.565,8.630926379,1,13323.07584,9,4,254,1
"2019-09-12",508.714,4.30691928,3,7444,9,5,255,0
"2019-09-13",967.466,9.004095045,3,14397,9,6,256,1
"2019-09-14",302.319,1.568299315,1,2855,9,7,257,0
"2019-09-15",764.961,6.378243512,1,9740,9,1,258,0
"2019-09-16",459.827,3.742390906,1,6616.05808,9,2,259,0
"2019-09-17",488.591,3.715949323,1,6446,9,3,260,0
"2019-09-18",959.591,9.106501562,1,14447,9,4,261,1
"2019-09-19",525.632,3.822813837,1,6656,9,5,262,0
"2019-09-20",922.049,8.697246157,1,13408,9,6,263,1
"2019-09-21",811.361,8.910396498,36,16047,9,7,264,1
"2019-09-22",553.713,5.628210499,0,9898,9,1,265,0
"2019-09-23",488.969,4.007584308,2,7011,9,2,266,0
"2019-09-24",677.222,6.953031607,4,12055,9,3,267,1
"2019-09-25",585.351,5.607063446,1,9635,9,4,268,0
"2019-09-26",477.838,4.147507106,2,7223,9,5,269,0
"2019-09-27",978.403,9.013173785,3,14119,9,6,270,1
"2019-09-28",186.802,0.760741585,0,1407,9,7,271,0
"2019-09-29",828.19,7.758105881,1,11803.90546,9,1,272,1
"2019-09-30",508.999,3.957572714,1,6882,9,2,273,0
"2019-10-01",1057.387,9.712718797,1,15588,10,3,274,1
"2019-10-02",470.76,3.9292445,1,6791,10,4,275,0
"2019-10-03",526.106,4.440896791,2,7343,10,5,276,0
"2019-10-04",936.497,8.933145339,1,13662,10,6,277,1
"2019-10-05",484.569,4.220310977,2,7248,10,7,278,0
"2019-10-06",494.041,4.678549619,1,8122.56446,10,1,279,0
"2019-10-07",511.788,4.657273264,2,8053.844086,10,2,280,0
"2019-10-08",502.806,4.567637193,1,7935,10,3,281,0
"2019-10-09",959.151,9.294320515,1,14786,10,4,282,1
"2019-10-10",416.544,3.410735931,1,5986,10,5,283,0
"2019-10-11",563.745,5.844473953,1,10023,10,6,284,1
"2019-10-12",260.015,1.466198986,0,2660,10,7,285,0
"2019-10-13",864.871,7.90889638,1,11883,10,1,286,1
"2019-10-14",535.865,4.715442858,1,8097,10,2,287,0
"2019-10-15",1032.511,9.754269825,4,15336,10,3,288,1
"2019-10-16",702.913,7.374072995,2,12435,10,4,289,1
"2019-10-17",521.008,4.665587039,2,8266,10,5,290,0
"2019-10-18",567.9340423,4.330259494,1,7625,10,6,291,0
"2019-10-19",714.1999577,6.094828751,6,10849.84541,10,7,292,1
"2019-10-20",336.875,1.494076007,1,2757,10,1,293,0
"2019-10-21",478.387,4.306785349,1,7453,10,2,294,0
"2019-10-22",1077.42,10.38522724,3,16154,10,3,295,1
"2019-10-23",648.131,6.767406189,2,11429.81094,10,4,296,1
"2019-10-24",938.494,9.252138868,1,14022,10,5,297,1
"2019-10-25",575.267,5.692298788,1,9476,10,6,298,0
"2019-10-26",255.766,1.870742109,0,3496,10,7,299,0
"2019-10-27",442.97,4.107710794,2,7079,10,1,300,0
"2019-10-28",485.115,4.192944874,1,7264,10,2,301,0
"2019-10-29",903.364,8.318283429,1,12569,10,3,302,1
"2019-10-30",517.755,4.29513895,2,7511,10,4,303,0
"2019-10-31",537.868,5.178699799,2,8787,10,5,304,0
"2019-11-01",488.557,4.344673282,5,7402,11,6,305,0
"2019-11-02",276.263,1.524270597,0,2819.95769,11,7,306,0
"2019-11-03",783.365,6.462892712,1,9282,11,1,307,0
"2019-11-04",476.989,4.041296823,1,6994,11,2,308,0
"2019-11-05",916.649,8.498689708,0,12997,11,3,309,1
"2019-11-06",657.347,6.48893049,3,11130,11,4,310,1
"2019-11-07",578.844,5.823128467,3,9640,11,5,311,0
"2019-11-08",551.549,4.857361488,2,8250,11,6,312,0
"2019-11-09",303.965,2.057734762,0,3754,11,7,313,0
"2019-11-10",399.777,3.058718424,1,5413,11,1,314,0
"2019-11-11",586.681,5.71044064,2,9774,11,2,315,0
"2019-11-12",487.008,4.597504051,3,7505,11,3,316,0
"2019-11-13",588.223,5.089956079,3,8962,11,4,317,0
"2019-11-14",635.646,6.74795329,3,10635,11,5,318,1
"2019-11-15",534.645,5.448747194,1,8798,11,6,319,0
"2019-11-16",321.372,2.214092824,0,3979,11,7,320,0
"2019-11-17",434.838,3.330503011,1,5816,11,1,321,0
"2019-11-18",517.495,4.314779555,3,7508,11,2,322,0
"2019-11-19",968.496,8.477420377,2,13699,11,3,323,1
"2019-11-20",617.497,5.360572941,2,9045.213353,11,4,324,0
"2019-11-21",552.378,4.796991172,2,8178,11,5,325,0
"2019-11-22",547.538,5.517025007,2,9550,11,6,326,0
"2019-11-23",548.114,4.727155166,1,8408,11,7,327,0
"2019-11-24",316.943,1.678023299,5,3004.578467,11,1,328,0
"2019-11-25",301.361,1.946015635,11,3482,11,2,329,0
"2019-11-26",533.555,5.271955884,11,9284,11,3,330,0
"2019-11-27",0,1.896122903,6,3961,11,4,331,0
"2019-11-28",0,8.736948122,65,16626,11,5,332,1
"2019-11-29",0,4.502829959,9,8536,11,6,333,0
"2019-11-30",0,0.703401803,4,1416,11,7,334,0
"2019-12-01",0,2.03261843,1,3832,12,1,335,0
"2019-12-02",0,4.371188115,2,8329,12,2,336,0
"2019-12-03",0,1.969927357,5,3806,12,3,337,0
"2019-12-04",0,4.099281715,2,7803,12,4,338,0
"2019-12-05",0,4.006223299,3,7568,12,5,339,0
"2019-12-06",39.086,3.58436048,2,6972,12,6,340,0
"2019-12-07",259.425,1.648118598,0,2946,12,7,341,0
"2019-12-08",364.026,2.077483286,2,3602.190171,12,1,342,0
"2019-12-09",589.845,5.850112017,2,9706,12,2,343,0
"2019-12-10",965.246,9.832274802,4,15713,12,3,344,1
"2019-12-11",699.733,6.936121047,5,11571,12,4,345,1
"2019-12-12",736.1950312,7.045604855,2,11709.2487,12,5,346,1
"2019-12-13",696.4049688,7.161136065,2,11334,12,6,347,1
"2019-12-14",131.331,0.435514065,0,790,12,7,348,0
"2019-12-15",421.668,3.679657558,1,6464,12,1,349,0
"2019-12-16",641.461,6.374461818,5,10492,12,2,350,1
"2019-12-17",506.125,4.418999566,4,7424,12,3,351,0
"2019-12-18",692.672,7.726109369,3.050616528,12729,12,4,352,1
"2019-12-19",568.266,5.323227561,4,9130,12,5,353,0
"2019-12-20",551.514,5.544773573,2,9291.414639,12,6,354,0
"2019-12-21",296.487,2.151876567,2,3789,12,7,355,0
"2019-12-22",337.708,2.331998433,2,4171.776817,12,1,356,0
"2019-12-23",476.321,3.02574029,5,5421,12,2,357,0
"2019-12-24",257.784,2.315906497,10,4114,12,3,358,0
"2019-12-25",169.304,1.656703143,7,3061.381093,12,4,359,0
"2019-12-26",566.348,4.765419032,5,8020,12,5,360,0
"2019-12-27",471.07,3.971803156,5,6743,12,6,361,0
"2019-12-28",228.011,1.291646339,6,2496,12,7,362,0
"2019-12-29",296.957,1.751282331,5,3112,12,1,363,0
"2019-12-30",674.46,6.729598231,6,10877,12,2,364,1
"2019-12-31",360.624058,3.096084849,11,5485,12,3,365,0
"2020-01-01",390.250942,2.43449567,6.307151267,4352,1,4,1,0
"2020-01-02",890.227,8.006316334,4,12806,1,5,2,1
"2020-01-03",784.906,7.24793998,2,12135,1,6,3,1
"2020-01-04",271.801,1.737336849,0,3169,1,7,4,0
"2020-01-05",457.729,3.472286137,1,5938,1,1,5,0
"2020-01-06",897.285,8.218042037,2,12651,1,2,6,1
"2020-01-07",576.699,5.24885567,2,9114,1,3,7,0
"2020-01-08",833.135,5.169311255,2,9193,1,4,8,0
"2020-01-09",464.621,4.184699861,3,6957,1,5,9,0
"2020-01-10",703.831,6.684707578,4,11637,1,6,10,1
"2020-01-11",219.003,1.479759627,0,2750,1,7,11,0
"2020-01-12",284.043,1.808917568,1,3190,1,1,12,0
"2020-01-13",1001.35,9.705100152,2,15780,1,2,13,1
"2020-01-14",369.343,2.539073651,3,4498,1,3,14,0
"2020-01-15",555.763,5.359094363,1,9194.93979,1,4,15,0
"2020-01-16",601.287,6.149934364,2,10447,1,5,16,1
"2020-01-17",413.622,3.35390648,2,5891,1,6,17,0
"2020-01-18",270.578,1.661266917,0,3089,1,7,18,0
"2020-01-19",859.576,8.23187895,1,13287,1,1,19,1
"2020-01-20",422.526,3.362245697,3,5923,1,2,20,0
"2020-01-21",833.45,7.575066975,1,12289,1,3,21,1
"2020-01-22",478.223,4.54653323,4,7837,1,4,22,0
"2020-01-23",534.464,4.689245007,2,7819,1,5,23,0
"2020-01-24",962.552,9.53900889,1,15401,1,6,24,1
"2020-01-25",335.021,2.98926441,2,5432,1,7,25,0
"2020-01-26",279.724,0.910365499,0,1691,1,1,26,0
"2020-01-27",557.683,4.937734892,1,8355,1,2,27,0
"2020-01-28",887.083,8.035920764,2,13251,1,3,28,1
"2020-01-29",646.914,7.100285877,2,11859.51159,1,4,29,1
"2020-01-30",832.064,7.185073537,8,11576,1,5,30,1
"2020-01-31",504.701,4.646583009,3,8033,1,6,31,0
"2020-02-01",228.776,1.218916761,0,2277,2,7,32,0
"2020-02-02",339.235,1.795562917,0,3303,2,1,33,0
"2020-02-03",977.657,9.385496937,3,15550,2,2,34,1
"2020-02-04",372.25,2.525762424,1,4509,2,3,35,0
"2020-02-05",836.225,4.423895106,4,7596,2,4,36,0
"2020-02-06",581.904,5.449501921,5,9298,2,5,37,0
"2020-02-07",590.78,5.599578977,2,9874,2,6,38,0
"2020-02-08",174.535,0.941451473,0,1741,2,7,39,0
"2020-02-09",445.753,4.396803485,3,7411,2,1,40,0
"2020-02-10",524.181,5.423745587,1,8973.648988,2,2,41,0
"2020-02-11",642.65,6.032424118,7,10283,2,3,42,1
"2020-02-12",626.897,6.65888204,2,11107,2,4,43,1
"2020-02-13",645.704,6.56981885,3,10771,2,5,44,1
"2020-02-14",306.265,1.992798567,1,3482,2,6,45,0
"2020-02-15",479.116,4.459688024,2,8093,2,7,46,0
"2020-02-16",604.943,6.227538452,2,10830,2,1,47,1
"2020-02-17",1053.364,10.39976594,1,16488,2,2,48,1
"2020-02-18",883.493,7.714446744,5,12016,2,3,49,1
"2020-02-19",481.485,4.546966666,2,7773,2,4,50,0
"2020-02-20",563.517,5.089572866,4,8853,2,5,51,0
"2020-02-21",527.712,4.343809888,3,7374,2,6,52,0
"2020-02-22",801.148,7.631176918,8,13269,2,7,53,1
"2020-02-23",396.392,3.325181419,1,5803,2,1,54,0
"2020-02-24",942.873,9.465234881,3,16411,2,2,55,1
"2020-02-25",968.513,9.170140612,4,16379,2,3,56,1
"2020-02-26",556.143,5.16327148,5,9057.309498,2,4,57,0
"2020-02-27",487.481,3.834713474,5,6913,2,5,58,0
"2020-02-28",459.551,3.798338976,2,6796,2,6,59,0
"2020-02-29",284.718,2.37289171,0,4409,2,7,60,0
"2020-03-01",698.749,5.881685392,2,10275,3,1,61,1
"2020-03-02",943.698,9.039956761,3,15662,3,2,62,1
"2020-03-03",828.674,7.819925292,2,14387,3,3,63,1
"2020-03-04",759.467,8.4042303,3,14452,3,4,64,1
"2020-03-05",534.271,4.476569955,5,8066,3,5,65,0
"2020-03-06",907.3729278,8.216730958,4,14605,3,6,66,1
"2020-03-07",884.798489,7.96827836,3,13238,3,7,67,1
"2020-03-08",362.5685832,3.078169736,1,5341,3,1,68,0
"2020-03-09",818.229,7.434970059,2,12015,3,2,69,1
"2020-03-10",899.947,8.363154538,4,13585,3,3,70,1
"2020-03-11",508.374,4.509519092,3,7737,3,4,71,0
"2020-03-12",384.986,3.117443285,2,5497,3,5,72,0
"2020-03-13",506.989,4.535176829,9,7981,3,6,73,0
"2020-03-14",1015.612387,9.762501374,8,15831.60177,3,7,74,1
"2020-03-15",555.8316127,3.709956682,31,6609.398231,3,1,75,0
"2020-03-16",691.9648836,5.863383715,15,10239,3,2,76,1
"2020-03-17",332.7541164,3.468627464,1,6265.155311,3,3,77,0
"2020-03-18",220.129,0.944112917,0,1760,3,4,78,0
"2020-03-19",0,0.455008662,0,895,3,5,79,0
"2020-03-20",0.351,1.599476731,1,3048,3,6,80,0
"2020-03-21",0,0,0,0,3,7,81,0
"2020-03-22",180.331,0.725134306,0,1374.603218,3,1,82,0
"2020-03-23",252.016,0.97649019,0,1819.444193,3,2,83,0
"2020-03-24",455.114,3.662971373,1,6625,3,3,84,0
"2020-03-25",475.234,4.288813693,2,7696.196986,3,4,85,0
"2020-03-26",372.533,2.899760577,2,5074,3,5,86,0
"2020-03-27",309.052,2.509439115,1,4522,3,6,87,0
"2020-03-28",384.235,3.522263197,1,6251.595408,3,7,88,0
"2020-03-29",293.161,2.462119408,1,4237,3,1,89,0
"2020-03-30",377.482,2.959220966,1,5237,3,2,90,0
"2020-03-31",767.348,6.379589912,0,9768,3,3,91,0
"2020-04-01",395.444,3.165466816,1,5624,4,4,92,0
"2020-04-02",377.495,2.805868833,1,4975,4,5,93,0
"2020-04-03",416.694,3.445160878,1,6162,4,6,94,0
"2020-04-04",317.839,2.852710123,1,5023,4,7,95,0
"2020-04-05",355.207,3.040506581,1,5192,4,1,96,0
"2020-04-06",754.462,5.962625313,0,8702,4,2,97,0
"2020-04-07",363.349,2.825686099,1,4957,4,3,98,0
"2020-04-08",448.368,3.861603212,2,6784,4,4,99,0
"2020-04-09",414.17,3.220615995,1,5516,4,5,100,0
"2020-04-10",398.578,3.225696316,1,5593.093301,4,6,101,0
"2020-04-11",342.029,3.088539099,1,5303,4,7,102,0
"2020-04-12",354.029,2.835612936,1,4996,4,1,103,0
"2020-04-13",337.322,2.554541915,1.457245238,4525,4,2,104,0
"2020-04-14",356.685,2.652974058,1,4703,4,3,105,0
"2020-04-15",449.091,3.629815319,3,6408,4,4,106,0
"2020-04-16",424.939,3.29169037,1,5864.892289,4,5,107,0
"2020-04-17",360.634,2.65400342,1,4629,4,6,108,0
"2020-04-18",485.085,5.007803098,2,8791,4,7,109,0
"2020-04-19",496.771,4.551094277,3,8031.208196,4,1,110,0
"2020-04-20",406.747,3.265601042,1,5621.899522,4,2,111,0
"2020-04-21",523.267,4.695377557,7,8183,4,3,112,0
"2020-04-22",476.562,3.820164443,2,6860.61757,4,4,113,0
"2020-04-23",517.312,4.708066145,2,8213,4,5,114,0
"2020-04-24",380.948,2.73175954,1,4841,4,6,115,0
"2020-04-25",869.994,8.280825205,4,12735.39329,4,7,116,1
"2020-04-26",311.75,2.603169556,1,4613,4,1,117,0
"2020-04-27",362.007,2.694638862,2,4860,4,2,118,0
"2020-04-28",360.5,2.72609381,1,4777.546906,4,3,119,0
"2020-04-29",545.477,5.226571462,3,9178,4,4,120,0
"2020-04-30",451.726,3.436422357,2,5868,4,5,121,0
"2020-05-01",370.366,2.891075302,1,5099,5,6,122,0
"2020-05-02",270.05,1.43374042,0,2637.346655,5,7,123,0
"2020-05-03",447.642,1.758225545,0,3080,5,1,124,0
"2020-05-04",754.782,6.280237292,0,9382,5,2,125,0
"2020-05-05",388.947,3.237327063,1,5771,5,3,126,0
"2020-05-06",584.784,2.836861591,1,5028,5,4,127,0
"2020-05-07",287.294,2.560905517,2,4493,5,5,128,0
"2020-05-08",319.026,2.52570541,1,4422,5,6,129,0
"2020-05-09",204.38,1.429858083,0,2634.724479,5,7,130,0
"2020-05-10",715.979,6.175636986,4,9226,5,1,131,0
"2020-05-11",329.061,2.6755265,1,4746,5,2,132,0
"2020-05-12",553.775,2.494864908,0,4222,5,3,133,0
"2020-05-13",704.753,5.96088614,1,8687,5,4,134,0
"2020-05-14",363.083,2.848852382,1,5060,5,5,135,0
"2020-05-15",530.368,2.134518067,0,3477,5,6,136,0
"2020-05-16",720.341,5.806397278,1,8328,5,7,137,0
"2020-05-17",468.299,4.964486881,1,8632,5,1,138,0
"2020-05-18",0,0.069507473,0,143,5,2,139,0
"2020-05-19",322.556,2.689043939,1,4718,5,3,140,0
"2020-05-20",586.903,5.857475419,2,10211,5,4,141,1
"2020-05-21",348.76,2.723655278,1,4814,5,5,142,0
"2020-05-22",392.176,3.47427162,1,6174,5,6,143,0
"2020-05-23",379.382,3.340616192,1,5908.574631,5,7,144,0
"2020-05-24",476.076,4.306804032,1,7642,5,1,145,0
"2020-05-25",328.107,2.770452511,1,4912,5,2,146,0
"2020-05-26",495.048,4.650678999,2,8192,5,3,147,0
"2020-05-27",425.837,4.029886102,1,7231,5,4,148,0
"2020-05-28",456.053,4.504872829,1,7917,5,5,149,0
"2020-05-29",462.884,4.55446567,3,7974,5,6,150,0
"2020-05-30",482.141,5.228366295,1,9234,5,7,151,0
"2020-05-31",391.689,4.023888381,1,7020,5,1,152,0
"2020-06-01",435.305,4.04789166,2,7024,6,2,153,0
"2020-06-02",459.419,4.550551041,1,7961,6,3,154,0
"2020-06-03",406.025,4.176755049,1,7336,6,4,155,0
"2020-06-04",429.951,4.050197102,1,7162,6,5,156,0
"2020-06-05",519.257,5.132385828,1,9148,6,6,157,0
"2020-06-06",421.206,4.470982424,1,7866,6,7,158,0
"2020-06-07",536.735,5.249663957,1,9241,6,1,159,0
"2020-06-08",492.496,4.45111009,1,7884,6,2,160,0
"2020-06-09",521.244,5.157426468,1,9047.972431,6,3,161,0
"2020-06-10",483.064,4.907949529,1,8632,6,4,162,0
"2020-06-11",516.315,4.82706997,8.8985282,8587.685737,6,5,163,0
"2020-06-12",494.578,5.042786094,1,8857,6,6,164,0
"2020-06-13",461.883,5.005200612,1,8724,6,7,165,0
"2020-06-14",512.958,4.97319571,2,8824,6,1,166,0
"2020-06-15",499.295,4.300270484,1,7593,6,2,167,0
"2020-06-16",465.699,4.765795197,1,8460,6,3,168,0
"2020-06-17",529.629,5.210327577,1,9143,6,4,169,0
"2020-06-18",451.255,4.094892859,1,7227,6,5,170,0
"2020-06-19",474.981,2.747421369,7.552453741,5042,6,6,171,0
"2020-06-20",518.249,4.464008271,8,8002,6,7,172,0
"2020-06-21",485.504,4.326751098,2,7742,6,1,173,0
"2020-06-22",436.021,3.630692142,4.721381497,6470.726647,6,2,174,0
"2020-06-23",297.283,1.553277018,4,2894.046188,6,3,175,0
"2020-06-24",795.09,7.740741468,32,13822,6,4,176,1
"2020-06-25",427.932,3.330282545,4,5791,6,5,177,0
"2020-06-26",503.374,4.143059172,12,7299.76768,6,6,178,0
"2020-06-27",454.877,2.870811181,12,5223.736642,6,7,179,0
"2020-06-28",471.2,3.161555018,6,5756,6,1,180,0
"2020-06-29",728.462,6.318317081,1,9505,6,2,181,0
"2020-06-30",709.163,6.096523664,1,9335,6,3,182,0
"2020-07-01",550.067,4.842591774,0,8538,7,4,183,0
"2020-07-02",487.704,4.645971347,1,8116,7,5,184,0
"2020-07-03",552.134,4.827062662,0,8664.423755,7,6,185,0
"2020-07-04",859.017,9.38581864,1,16345,7,7,186,1
"2020-07-05",495.898,4.615657216,1,8245,7,1,187,0
"2020-07-06",533.326,4.520777246,0,7950,7,2,188,0
"2020-07-07",584.517,5.36028074,1,9475,7,3,189,0
"2020-07-08",640.528,6.082822159,1,10729,7,4,190,1
"2020-07-09",514.971,4.535908797,1,7951,7,5,191,0
"2020-07-10",486.253,3.467847073,1,6226,7,6,192,0
"2020-07-11",412.839,3.473292688,1,6242.799789,7,7,193,0
"2020-07-12",472.276,4.109764543,1,7370,7,1,194,0
"2020-07-13",355.7023111,1.542887718,2,2830,7,2,195,0
"2020-07-14",679.9426889,7.140193086,2,12442,7,3,196,1
"2020-07-15",922.519,7.993148318,1,12589,7,4,197,1
"2020-07-16",519.731,4.673201912,1.594257747,8336.31571,7,5,198,0
"2020-07-17",448.209,3.950847009,1,6931.637012,7,6,199,0
"2020-07-18",768.253,6.214443716,1,9318,7,7,200,0
"2020-07-19",449.741,4.059657348,1,7270,7,1,201,0
"2020-07-20",41.188,0.166261086,0,355,7,2,202,0
"2020-07-21",388.973,3.578437848,0,6309,7,3,203,0
"2020-07-22",471.155,4.339168048,0,7770.04588,7,4,204,0
"2020-07-23",469.633,4.253101071,1,7600,7,5,205,0
"2020-07-24",460.641,4.127957146,1,7367,7,6,206,0
"2020-07-25",480.065,4.927384603,1,8751,7,7,207,0
"2020-07-26",463.201,4.035464142,0,7247,7,1,208,0
"2020-07-27",480.685,4.297554794,2,7824.775328,7,2,209,0
"2020-07-28",540.509,5.180923608,1,9454.224672,7,3,210,0
"2020-07-29",463.757,4.550789861,1,8164,7,4,211,0
"2020-07-30",479.338,4.569147919,1,8156,7,5,212,0
"2020-07-31",494.213,4.478287445,1,8020.42033,7,6,213,0
"2020-08-01",485.821,4.07459682,0,7260,8,7,214,0
"2020-08-02",464.034,4.067078212,1,7254,8,1,215,0
"2020-08-03",517.2501124,4.735503033,1,8369.014426,8,2,216,0
"2020-08-04",204.6908876,0.912190796,0,1683.985574,8,3,217,0
"2020-08-05",875.058,5.99130981,1,8885,8,4,218,0
"2020-08-06",506.085,4.849400039,1,8590,8,5,219,0
"2020-08-07",618.951,5.20032234,1,9151,8,6,220,0
"2020-08-08",570.109,6.100484084,12,10910,8,7,221,1
"2020-08-09",892.508,8.040408138,2,12922,8,1,222,1
"2020-08-10",626.2509649,6.464050631,2,11609.25295,8,2,223,1
"2020-08-11",786.9536762,8.571031327,3,15143.74705,8,3,224,1
"2020-08-12",658.3444869,6.290361042,2,11148.43526,8,4,225,1
"2020-08-13",783.1888719,6.933829919,14,12577,8,5,226,1
"2020-08-14",1114.586,6.759233274,103,12255,8,6,227,1
"2020-08-15",0,9.06057021,90,19065,8,7,228,1
"2020-08-16",0,1.165197789,0,2858,8,1,229,0
"2020-08-17",418.556,3.581663244,0,6551,8,2,230,0
"2020-08-18",542.902,5.025142663,2,9022,8,3,231,0
"2020-08-19",534.684,4.590807086,2,8249.305948,8,4,232,0
"2020-08-20",487.101,4.119113632,4.88969975,7396,8,5,233,0
"2020-08-21",783.429,7.299711722,2,11692.91425,8,6,234,1
"2020-08-22",393.343,2.363881033,7,4333,8,7,235,0
"2020-08-23",633.248,6.138364,2,10988,8,1,236,1
"2020-08-24",987.848,9.792092673,3,15974,8,2,237,1
"2020-08-25",476.16,4.000689491,5,7089,8,3,238,0
"2020-08-26",1095.622,10.63927807,2,17328,8,4,239,1
"2020-08-27",211.053,0.982168703,0,1829,8,5,240,0
"2020-08-28",867.585,6.692649451,2,10325,8,6,241,1
"2020-08-29",213.364,1.035915734,0,1922,8,7,242,0
"2020-08-30",591.617,6.192888523,4,10968,8,1,243,1
"2020-08-31",938.952,8.556671827,5,13822,8,2,244,1
"2020-09-01",327.918,1.855544147,0,3418,9,3,245,0
"2020-09-02",1105.96,10.52697896,6,17038,9,4,246,1
"2020-09-03",218.277,1.774730453,1,3342.691647,9,5,247,0
"2020-09-04",986.521,8.749537792,4,13739,9,6,248,1
"2020-09-05",322.897,2.12051322,5,3906,9,7,249,0
"2020-09-06",590.929,5.894205115,1,10464,9,1,250,1
"2020-09-07",937.286,8.426684569,10,13512,9,2,251,1
"2020-09-08",387.859,3.258236735,0,5708,9,3,252,0
"2020-09-09",1145.681,11.1799038,12,18132,9,4,253,1
"2020-09-10",418.184,3.231442451,9,5768,9,5,254,0
"2020-09-11",608.771,5.446186747,3,9594,9,6,255,0
"2020-09-12",248.339,2.079982304,6,3831,9,7,256,0
"2020-09-13",287.861,1.860221823,2.207923675,3371,9,1,257,0
"2020-09-14",598.491,5.629018054,4,10049,9,2,258,1
"2020-09-15",372.37,2.977859724,0,5274,9,3,259,0
"2020-09-16",655.548,6.255508456,5,11164,9,4,260,1
"2020-09-17",372.631,3.046205051,1,5457,9,5,261,0
"2020-09-18",568.355,4.630557135,3,8392,9,6,262,0
"2020-09-19",502.417,2.614480572,0,4657,9,7,263,0
"2020-09-20",515.383,4.439744148,4,7940,9,1,264,0
"2020-09-21",504.994,4.51350708,5,8043,9,2,265,0
"2020-09-22",239.065,1.19940276,0,2190,9,3,266,0
"2020-09-23",496.164,4.456379396,5,8027.43165,9,4,267,0
"2020-09-24",155.5,6.23630856,0,11775,9,5,268,1
"2020-09-25",569.048,4.939965286,7,8722,9,6,269,0
"2020-09-26",484.568,4.487029613,2,8249.179802,9,7,270,0
"2020-09-27",399.808,3.286518816,4,5912.688588,9,1,271,0
"2020-09-28",438.885,3.419153675,5,6210,9,2,272,0
"2020-09-29",383.341,2.825211966,3,5212,9,3,273,0
"2020-09-30",557.72,5.097598797,5,9058.761937,9,4,274,0
"2020-10-01",725.432,7.422846872,14.67529855,13172,10,5,275,1
"2020-10-02",414.837,2.823079962,4,4927,10,6,276,0
"2020-10-03",392.828,2.599307099,20,4619,10,7,277,0
"2020-10-04",527.88,4.893830235,8,8704.239395,10,1,278,0
"2020-10-05",672.34,6.720256096,8,11930,10,2,279,1
"2020-10-06",389.655,3.076551318,10.20131617,5375,10,3,280,0
"2020-10-07",794.416,8.464219136,7,15086,10,4,281,1
"2020-10-08",352.902,2.536801109,28,4516,10,5,282,0
"2020-10-09",445.902,3.164645889,6,5471,10,6,283,0
"2020-10-10",495.313,4.360207987,11,7969.897661,10,7,284,0
"2020-10-11",384.414,2.516652575,4,4447,10,1,285,0
"2020-10-12",607.078,5.711534285,11,10102,10,2,286,1
"2020-10-13",222.83,0.830911671,8,1502,10,3,287,0
"2020-10-14",605.936,6.045871732,8,10795,10,4,288,1
"2020-10-15",387.887,3.059696204,9,5274,10,5,289,0
"2020-10-16",554.642,5.110301983,6,8835,10,6,290,0
"2020-10-17",400.937,3.871723045,16.21422663,6821,10,7,291,0
"2020-10-18",482.5,4.394681657,4.247610065,7746,10,1,292,0
"2020-10-19",526.022,4.535396787,13,8198.09317,10,2,293,0
"2020-10-20",464.241,4.5085812,10,8021.374794,10,3,294,0
"2020-10-21",715.536,7.059211288,13,12581,10,4,295,1
"2020-10-22",484.98,4.509630061,10,8128.319024,10,5,296,0
"2020-10-23",504.881,4.326573098,5,7780,10,6,297,0
"2020-10-24",559.6205659,4.902041568,11,8529.639292,10,7,298,0
"2020-10-25",421.5654341,3.811374321,3,6611.219389,10,1,299,0
"2020-10-26",510.6,4.263247564,12,7571,10,2,300,0
"2020-10-27",457.398,4.274457318,9,7562,10,3,301,0
"2020-10-28",548.343,5.129248982,9,9072,10,4,302,0
"2020-10-29",576.717,5.45949719,5,9856,10,5,303,0
"2020-10-30",449.395,2.974382577,10,5299.33395,10,6,304,0
"2020-10-31",290.347,1.713249872,8,3208.403609,10,7,305,0
"2020-11-01",562.11,5.007695344,7,8808,11,1,306,0
"2020-11-02",687.933,6.449898579,7,11621.81951,11,2,307,1
"2020-11-03",473.506,4.26542131,9,7573,11,3,308,0
"2020-11-04",678.723,7.401802,8,13113,11,4,309,1
"2020-11-05",428.164,3.803721361,6,7005,11,5,310,0
"2020-11-06",601.623,5.706788205,4,9791.722793,11,6,311,0
"2020-11-07",438.674,3.22612543,17.03585495,5735,11,7,312,0
"2020-11-08",507.796,4.433658729,6,7830,11,1,313,0
"2020-11-09",322.149,5.263283573,8,9812,11,2,314,0
"2020-11-10",496.208,4.22525187,10,7375,11,3,315,0
"2020-11-11",618.859,5.854559427,5,10168,11,4,316,1
"2020-11-12",728.888,7.71955471,3,13933,11,5,317,1
"2020-11-13",673.335,6.320830972,1,11002.17016,11,6,318,1
"2020-11-14",319.197,2.14406937,13,3935,11,7,319,0
"2020-11-15",506.984,4.215839227,5,7419,11,1,320,0
"2020-11-16",434.885,3.227485642,8,5979,11,2,321,0
"2020-11-17",446.001,4.498132575,4,7806,11,3,322,0
"2020-11-18",683.685,6.869445424,7,12209,11,4,323,1
"2020-11-19",466.278,3.977635874,12,7378,11,5,324,0
"2020-11-20",510.078,4.608391191,2,8070,11,6,325,0
"2020-11-21",185.516,1.021158242,10,1876,11,7,326,0
"2020-11-22",489.291,4.12161714,2,7243.51768,11,1,327,0
"2020-11-23",588.503,5.651636569,2,9638,11,2,328,0
"2020-11-24",494.785,4.283337672,2,7245.075122,11,3,329,0
"2020-11-25",0,5.937131774,2,11208,11,4,330,1
"2020-11-26",426.438,3.428053394,4,6535,11,5,331,0
"2020-11-27",706.368,6.642364946,5,11562,11,6,332,1
"2020-11-28",202.896,0.742496775,3,1379.123706,11,7,333,0
"2020-11-29",472.8,4.413876524,3,7829.205511,11,1,334,0
"2020-11-30",482.365,4.061277596,2,7100,11,2,335,0
"2020-12-01",339.997,2.758711713,6,4838,12,3,336,0
"2020-12-02",588.723,5.690704428,5,9744.682305,12,4,337,0
"2020-12-03",480.489,4.505987214,2,7852.67236,12,5,338,0
"2020-12-04",646.631,6.212976651,2,10715,12,6,339,1
"2020-12-05",283.825,2.018483233,10,3623,12,7,340,0
"2020-12-06",448.721,3.792003078,3,6598,12,1,341,0
"2020-12-07",634.651,6.438689142,7,11137,12,2,342,1
"2020-12-08",0,4.121204398,2,7766,12,3,343,0
"2020-12-09",0,4.114369424,3,7858,12,4,344,0
"2020-12-10",0,6.092592854,3,11685,12,5,345,1
"2020-12-11",935.439,11.2758326,3,20453.06651,12,6,346,1
"2020-12-12",300.342,1.55306826,3,2871.789822,12,7,347,0
"2020-12-13",436.155,3.911497244,4,6821,12,1,348,0
"2020-12-14",0,5.183819941,3,9904,12,2,349,0
"2020-12-15",539.876,5.104636956,2,8371,12,3,350,0
"2020-12-16",401.984,3.02271127,5,5276,12,4,351,0
"2020-12-17",532.385,5.168951679,1,8565,12,5,352,0
"2020-12-18",388.882,1.759840401,11,3176,12,6,353,0
"2020-12-19",363.913,2.029128636,14,3668,12,7,354,0
"2020-12-20",502.724,3.703871243,7,5600,12,1,355,0
"2020-12-21",498.524,4.088503696,19,7259.874925,12,2,356,0
"2020-12-22",606.536,4.841299845,12,7363,12,3,357,0
"2020-12-23",772.8841953,4.562834051,8,6831,12,4,358,0
"2020-12-24",381.9688047,1.377947184,4,2469,12,5,359,0
"2020-12-25",386.459,1.899522752,5,3448.975046,12,6,360,0
"2020-12-26",341.334,1.072673317,3,1956.672755,12,7,361,0
"2020-12-27",446.049,3.475914657,6,6087,12,1,362,0
"2020-12-28",457.695,3.48417047,8,6070.507662,12,2,363,0
"2020-12-29",382.499,1.203938352,5,2180,12,3,364,0
"2020-12-30",371.424,1.48841773,5,2680,12,4,365,0
"2020-12-31",485.6452326,2.885346778,4,5152,12,5,366,0
"2021-01-01",461.1077674,2.697729513,12.71292045,4734,1,6,1,0
"2021-01-02",345.034,1.658538673,2.287079551,2922.235817,1,7,2,0
"2021-01-03",355.133,2.27563898,11,4131,1,1,3,0
"2021-01-04",603.204,4.541888034,11,7838,1,2,4,0
"2021-01-05",453.262,3.345747764,11,5692,1,3,5,0
"2021-01-06",595.327,5.459602587,4,9136,1,4,6,0
"2021-01-07",602.011,5.93388156,5,9515.333994,1,5,7,0
"2021-01-08",593.815,5.400185297,1,8811,1,6,8,0
"2021-01-09",425.779,2.695219742,17,4745.721765,1,7,9,0
"2021-01-10",684.607,6.015244402,7,9555,1,1,10,0
"2021-01-11",0,4.032987422,3,7557,1,2,11,0
"2021-01-12",733.411,6.375833114,4,10371.02925,1,3,12,1
"2021-01-13",0,3.523020371,2,6635,1,4,13,0
"2021-01-14",619.892,6.013606481,3,9537,1,5,14,0
"2021-01-15",660.477,5.406946854,2,9184.737401,1,6,15,0
"2021-01-16",310.686,2.309131622,13,4104,1,7,16,0
"2021-01-17",764.162,7.105857973,9.607328096,11726.15574,1,1,17,1
"2021-01-18",698.637,7.394461563,7,12761,1,2,18,1
"2021-01-19",765.534,7.099236179,2,11742.44538,1,3,19,1
"2021-01-20",641.598,6.519306695,6,11359,1,4,20,1
"2021-01-21",559.422,5.198969061,5,8950.956618,1,5,21,0
"2021-01-22",507.805,4.2100187,2,7470,1,6,22,0
"2021-01-23",660.024,6.539983668,15.92046018,11527.76564,1,7,23,1
"2021-01-24",495.753,4.618559481,7,8238,1,1,24,0
"2021-01-25",588.671,5.500577938,8,9691,1,2,25,0
"2021-01-26",761.245,6.886048883,4,11837,1,3,26,1
"2021-01-27",613.3,6.223352885,5,11072,1,4,27,1
"2021-01-28",594.428,4.898133931,5,8237.30589,1,5,28,0
"2021-01-29",375.766,2.306791587,6,4137,1,6,29,0
"2021-01-30",490.348,2.790288024,6,4726,1,7,30,0
"2021-01-31",329.843,1.873032224,6,3363,1,1,31,0
"2021-02-01",636.792,4.81145473,8,8099.88039,2,2,32,0
"2021-02-02",279.553,5.387957766,9,9520.335506,2,3,33,0
"2021-02-03",591.66,5.889529895,7,10624,2,4,34,1
"2021-02-04",644.331,6.778804885,4,11610.44388,2,5,35,1
"2021-02-05",592.537,5.221093645,3,8998,2,6,36,0
"2021-02-06",891.616,9.223699624,12,16278,2,7,37,1
"2021-02-07",631.174,5.283445627,9,8965,2,1,38,0
"2021-02-08",586.393,5.821818713,4,10186,2,2,39,1
"2021-02-09",129.443,1.130967531,3,2039,2,3,40,0
"2021-02-10",424.275,2.861025303,8,5078,2,4,41,0
"2021-02-11",353.404,2.056347554,6,3706,2,5,42,0
"2021-02-12",371.366,2.523616074,10.30471494,4412.242296,2,6,43,0
"2021-02-13",271.421,1.649134835,10,3035,2,7,44,0
"2021-02-14",443.47,2.661004258,9.309477576,4272.721684,2,1,45,0
"2021-02-15",621.736,5.99618916,5,10815,2,2,46,1
"2021-02-16",810.396,7.657359389,4,13274,2,3,47,1
"2021-02-17",687.222,6.924827424,9,12358.20739,2,4,48,1
"2021-02-18",566.684,5.883866646,2,10338,2,5,49,1
"2021-02-19",527.276,4.422022606,4.953175178,7989,2,6,50,0
"2021-02-20",704.833,6.672370257,8,11934.24076,2,7,51,1
"2021-02-21",477.249,4.285239788,4,7636,2,1,52,0
"2021-02-22",637.069,6.38147347,5,11405,2,2,53,1
"2021-02-23",675.943,5.521995315,3,9314,2,3,54,0
"2021-02-24",676.714,6.957848723,5,12286.30323,2,4,55,1
"2021-02-25",555.301,3.654371705,6,6184,2,5,56,0
"2021-02-26",456.983,3.442281958,7.310729295,6071,2,6,57,0
"2021-02-27",357.129,2.35023414,9,3729,2,7,58,0
"2021-02-28",605.864,5.572347314,5,9485.729362,2,1,59,0
"2021-03-01",668.924,6.902875682,5,12179,3,2,60,1
"2021-03-02",777.758,6.625697332,4,11389,3,3,61,1
"2021-03-03",726.16,7.840576677,7,13777,3,4,62,1
"2021-03-04",789.881,7.47865539,6,12410,3,5,63,1
"2021-03-05",659.715,5.809586275,7,10319,3,6,64,1
"2021-03-06",748.586,7.803649006,14,14046.92947,3,7,65,1
"2021-03-07",667.425,5.745006068,9.68575084,9743.677379,3,1,66,0
"2021-03-08",640.974,6.276605247,3,11055,3,2,67,1
"2021-03-09",592.153,5.983097965,3,10318,3,3,68,1
"2021-03-10",754.132,7.20140438,6.122424536,12334,3,4,69,1
"2021-03-11",777.402,7.342682098,7,12495,3,5,70,1
"2021-03-12",764.779,6.938648692,12,11839,3,6,71,1
"2021-03-13",471.871,3.116084027,10.08008244,5234.961831,3,7,72,0
"2021-03-14",386.617,2.276048379,6,4064.090116,3,1,73,0
"2021-03-15",424.845,3.355147947,8,6057,3,2,74,0
"2021-03-16",561.443,3.892869086,5,6638.131659,3,3,75,0
"2021-03-17",655.724,6.492068196,6,11539,3,4,76,1
"2021-03-18",490.342,4.378167505,2,7635,3,5,77,0
"2021-03-19",579.306,4.941957272,2,8720,3,6,78,0
"2021-03-20",496.599,3.095920269,19,5464.891025,3,7,79,0
"2021-03-21",392.731,3.064403618,7,5150.112201,3,1,80,0
"2021-03-22",644.435,6.096598357,10,10912,3,2,81,1
"2021-03-23",511.193,4.242731867,3,7407,3,3,82,0
"2021-03-24",646.174,6.649519588,6.880132251,11908,3,4,83,1
"2021-03-25",784.845,8.052377241,6,13727,3,5,84,1
"2021-03-26",553.423,4.883496369,2,8568,3,6,85,0
"2021-03-27",491.213,3.215749373,9,5736,3,7,86,0
"2021-03-28",610.695,4.937595062,5,8315,3,1,87,0
"2021-03-29",614.64,5.718807685,6,9952,3,2,88,0
"2021-03-30",763.932,6.578337053,10,11441.94646,3,3,89,1
"2021-03-31",523.012,4.653052116,10,8349,3,4,90,0
"2021-04-01",674.499,6.221867046,11,10802,4,5,91,1
"2021-04-02",675.853,6.235538929,5,10885,4,6,92,1
"2021-04-03",545.195,4.028324242,11.77466941,6838,4,7,93,0
"2021-04-04",706.078,6.445251177,5,10210,4,1,94,1
"2021-04-05",762.721,7.919642175,10,13899.72446,4,2,95,1
"2021-04-06",615.8,5.996934813,4,10420,4,3,96,1
"2021-04-07",657.353,6.99831762,7,12307.13696,4,4,97,1
"2021-04-08",567.724,4.411015397,15,6550,4,5,98,0
"2021-04-09",884.8930729,7.823123518,2,13709,4,6,99,1
"2021-04-10",866.7339271,7.132816444,26.44842211,11465.92305,4,7,100,1
"2021-04-11",573.234,4.905602119,8,7496.688235,4,1,101,0
"2021-04-12",0,3.936257685,7,7096,4,2,102,0
"2021-04-13",969.569,8.95773179,5,14097,4,3,103,1
"2021-04-14",512.383,4.73563901,5,8263.787238,4,4,104,0
"2021-04-15",661.807,7.472000969,4,12514,4,5,105,1
"2021-04-16",650.514,6.231567944,5,10692,4,6,106,1
"2021-04-17",630.522,5.353961488,9,8314,4,7,107,0
"2021-04-18",647.182,5.483068369,14,8589.986611,4,1,108,0
"2021-04-19",812.584,8.000967638,5,12828,4,2,109,1
"2021-04-20",566.423,5.055746304,7.369011823,8950,4,3,110,0
"2021-04-21",281.792,2.059226854,13,3786.063192,4,4,111,0
"2021-04-22",537.837,3.637360713,10,6405,4,5,112,0
"2021-04-23",621.58,4.425606314,5,6483,4,6,113,0
"2021-04-24",539.782,4.518153826,6,8075.873291,4,7,114,0
"2021-04-25",348.243,1.667616063,10.72466211,3071,4,1,115,0
"2021-04-26",352.591,1.431893543,8,2650,4,2,116,0
"2021-04-27",895.925,8.739273551,9,13973,4,3,117,1
"2021-04-28",596.591,6.048324282,3,10539,4,4,118,1
"2021-04-29",832.835,9.120622932,6,15713,4,5,119,1
"2021-04-30",802.339,7.576940311,7,12664,4,6,120,1
"2021-05-01",523.892,4.205606129,13,6427,5,7,121,0
"2021-05-02",993.371,9.579915876,15,15627,5,1,122,1
"2021-05-03",495.978,3.906853495,4,6865,5,2,123,0
"2021-05-04",637.177,6.533110081,5,11299,5,3,124,1
"2021-05-05",603.673,4.967192275,6,7749,5,4,125,0
"2021-05-06",192.891,0.838505981,5,1530.782657,5,5,126,0
"2021-05-07",907.241,7.621661831,5,12097,5,6,127,1
"2021-05-08",267.235,1.535540479,7.890439181,2787.281718,5,7,128,0
"2021-05-09",362.886,2.740565772,6,4822,5,1,129,0
"2021-05-10",828.086,7.625601726,5,12106.44027,5,2,130,1
"2021-05-11",552.722,5.268989785,3,9088,5,3,131,0
"2021-05-12",665.862,6.806414745,3,11817,5,4,132,1
"2021-05-13",775.622,7.035346071,6,11026,5,5,133,1
"2021-05-14",952.825,8.256029886,7,13743,5,6,134,1
"2021-05-15",728.745,6.086559765,15.56030766,9391,5,7,135,0
"2021-05-16",612.781,4.901387498,10,7209,5,1,136,0
"2021-05-17",793.938,6.899303904,6,10770,5,2,137,1
"2021-05-18",545.713,5.433665462,7,9529,5,3,138,0
"2021-05-19",603.213,5.640106607,8,9880,5,4,139,0
"2021-05-20",1252.801,12.02421424,11,19047.90654,5,5,140,1
"2021-05-21",396.776,1.816152418,11,3309.175828,5,6,141,0
"2021-05-22",431.546,3.129868666,8,5699.831974,5,7,142,0
"2021-05-23",1161.954592,9.405201072,41,16625,5,1,143,1
"2021-05-24",3324.077638,22.88033647,209.7919503,41618.13548,5,2,144,1
"2021-05-25",881.5297706,6.478360687,40,11370.13896,5,3,145,1
"2021-05-26",954.5316269,7.341266549,36.92001165,12983,5,4,146,1
"2021-05-27",404.3986915,4.061148861,0,7198,5,5,147,0
"2021-05-28",593.0166816,4.715343806,6,8439.937049,5,6,148,0
"2021-05-29",556.3745624,5.346551448,7,10007.30926,5,7,149,1
"2021-05-30",627.3014845,3.934760404,36.95738782,7074,5,1,150,0
"2021-05-31",602.3969531,5.535589498,8,10043,5,2,151,1
"2021-06-01",239.9096708,1.1702048,6.980143063,2182,6,3,152,0
"2021-06-02",546.2052836,3.70721327,14,6725.73377,6,4,153,0
"2021-06-03",708.1774346,3.892007355,68,6785.26623,6,5,154,0
"2021-06-04",829.6668308,7.074377252,45,12471.47169,6,6,155,1
"2021-06-05",990.8052707,7.020007995,38.02894436,12544.26946,6,7,156,1
"2021-06-06",565.2605095,4.390664096,29,7895.417071,6,1,157,0
"2021-06-07",493.2528871,2.958279894,13,5345,6,2,158,0
"2021-06-08",326.9411129,0.862263462,5,1573,6,3,159,0
"2021-06-09",514.0020339,3.349649816,9,5935,6,4,160,0
"2021-06-10",463.7338123,2.942578624,5.77290949,5193.713447,6,5,161,0
"2021-06-11",373.5361538,2.117100012,9,3966.392203,6,6,162,0
"2021-06-12",466.309,2.624977914,3.912852876,4683.739992,6,7,163,0
"2021-06-13",450.0493972,3.433356978,1,6186.781776,6,1,164,0
"2021-06-14",396.3946028,3.065717507,6,5549.581773,6,2,165,0
"2021-06-15",315.964,1.143475309,6,2099,6,3,166,0
"2021-06-16",409.392,3.732259503,19,6624.374397,6,4,167,0
"2021-06-17",606.378,6.003744669,7,10482,6,5,168,1
"2021-06-18",890.241,8.234789603,5.597989346,13325,6,6,169,1
"2021-06-19",937.005,8.215588352,22.84316323,13171,6,7,170,1
"2021-06-20",736.77,7.317473437,16,12853,6,1,171,1
"2021-06-21",943.293,8.937816778,12,14689.20298,6,2,172,1
"2021-06-22",928.003,9.481777762,7.457359318,15303,6,3,173,1
"2021-06-23",794.312,8.841834442,5.733474312,15421,6,4,174,1
"2021-06-24",730.909,7.536770825,3,13333,6,5,175,1
"2021-06-25",548.311,4.717703145,10.17361644,8338,6,6,176,0
"2021-06-26",274.52,1.881038568,12.77671354,3417,6,7,177,0
"2021-06-27",694.507,5.929973459,19,9989,6,1,178,0
"2021-06-28",549.605,4.607347775,9.843567283,8183,6,2,179,0
"2021-06-29",708.86,6.94694862,8,12132.67972,6,3,180,1
"2021-06-30",386.353,1.869774857,8,3342,6,4,181,0
"2021-07-01",622.129,6.288971026,8,10953,7,5,182,1
"2021-07-02",1035.768,9.611399018,10.79729389,14816,7,6,183,1
"2021-07-03",524.715,3.495546479,11,6348,7,7,184,0
"2021-07-04",343.665,2.662228892,13.85136169,4669,7,1,185,0
"2021-07-05",408.981,3.916505186,11.69117236,6944.081409,7,2,186,0
"2021-07-06",934.278,8.735463653,8,13561,7,3,187,1
"2021-07-07",710.603,5.757606065,8,9035,7,4,188,0
"2021-07-08",549.197,4.899246798,5.766204091,8800,7,5,189,0
"2021-07-09",930.927,9.42196073,5,15319.30466,7,6,190,1
"2021-07-10",614.642,5.641114205,17,9768,7,7,191,0
"2021-07-11",558.691,4.660495745,17.6468502,8344,7,1,192,0
"2021-07-12",987.552,9.350464747,7.5499153,14599,7,2,193,1
"2021-07-13",546.466,5.084371969,5,9046.583977,7,3,194,0
"2021-07-14",601.794,5.877673784,7,10418,7,4,195,1
"2021-07-15",555.438,4.493864571,13,7960,7,5,196,0
"2021-07-16",555.259,5.063759353,13.12645158,9016,7,6,197,0
"2021-07-17",320.675,1.686191687,15,3495,7,7,198,0
"2021-07-18",476.413,3.76857136,22,7014,7,1,199,0
"2021-07-19",498.488,4.102094008,19,7241,7,2,200,0
"2021-07-20",491.989,4.079810291,28,7375.980696,7,3,201,0
"2021-07-21",530.258,5.163407618,23,9324.075023,7,4,202,0
"2021-07-22",303.106,2.865702873,22,6004,7,5,203,0
"2021-07-23",441.37,4.253124119,32,7970.836668,7,6,204,0
"2021-07-24",322.422,0.708052511,4,1294.314831,7,7,205,0
"2021-07-25",376.524,2.932162527,14.71124956,5403,7,1,206,0
"2021-07-26",944.694,8.578311821,6.898457031,13797,7,2,207,1
"2021-07-27",458.564,3.50096727,7.820047982,6217,7,3,208,0
"2021-07-28",679.275,6.413043384,10.57969535,11299,7,4,209,1
"2021-07-29",846.1577114,8.561986459,8.906181438,15053,7,5,210,1
"2021-07-30",1054.932906,9.469425584,9,14888.41364,7,6,211,1
"2021-07-31",773.8963823,8.308009959,11.54083415,14715.58636,7,7,212,1
"2021-08-01",1027.805,9.990264632,17,15235,8,1,213,1
"2021-08-02",707.041,7.269346907,9,12780,8,2,214,1
"2021-08-03",715.469,7.180013045,5,12575,8,3,215,1
"2021-08-04",713.939,7.29777923,12,12771,8,4,216,1
"2021-08-05",1392.968,8.604780602,172,15429,8,5,217,1
"2021-08-06",654.606,4.971338877,5,7659,8,6,218,0
"2021-08-07",854.677,8.058647173,11,13730.2179,8,7,219,1
"2021-08-08",990.895,9.058279108,17,13843,8,1,220,1
"2021-08-09",716.088,7.20872256,6,12763,8,2,221,1
"2021-08-10",729.101,6.938402834,7.935718621,12264,8,3,222,1
"2021-08-11",723.695,7.466459891,7,13220.45886,8,4,223,1
"2021-08-12",893.832,10.28665679,10,18111,8,5,224,1
"2021-08-13",715.087,6.927964216,6.778443098,12245,8,6,225,1
"2021-08-14",366.872,2.424592307,23.09595652,4453,8,7,226,0
"2021-08-15",564.036,4.397744803,14,7503.115379,8,1,227,0
"2021-08-16",128.875,1.033906806,0,1894,8,2,228,0
